CustID,PhotoDate,Link,Notes
11235,"08/04/15 00:00:00","..\..\Pictures\CLEANING - REPAIRS\SullivanPat 8-4-15 A.jpg#..\..\Pictures\CLEANING - REPAIRS\SullivanPat 8-4-15 A.jpg#",
11235,"08/04/15 00:00:00","..\..\Pictures\CLEANING - REPAIRS\SullivanPat 8-4-15 B.jpg.MOV#..\..\Pictures\CLEANING - REPAIRS\SullivanPat 8-4-15 B.jpg.MOV#",
19340,"03/07/17 00:00:00","..\..\Pictures\CLEANING - REPAIRS\synodi A.JPG#..\..\Pictures\CLEANING - REPAIRS\synodi A.JPG#",
19340,"03/07/17 00:00:00","..\..\Pictures\CLEANING - REPAIRS\synodi B.JPG#..\..\Pictures\CLEANING - REPAIRS\synodi B.JPG#",
19340,"03/07/17 00:00:00","..\..\Pictures\CLEANING - REPAIRS\synodi C.JPG#..\..\Pictures\CLEANING - REPAIRS\synodi C.JPG#",
20782,"10/27/18 00:00:00","..\..\Pictures\CLEANING - REPAIRS\taglieri 1.JPG#..\..\Pictures\CLEANING - REPAIRS\taglieri 1.JPG#",
20782,"10/27/18 00:00:00","..\..\Pictures\CLEANING - REPAIRS\taglieri 2.JPG#..\..\Pictures\CLEANING - REPAIRS\taglieri 2.JPG#",
19546,"09/22/17 00:00:00","..\..\Pictures\CLEANING - REPAIRS\Taylor-carney gemini 9-22-17.jpg#..\..\Pictures\CLEANING - REPAIRS\Taylor-carney gemini 9-22-17.jpg#",
18775,"12/08/16 00:00:00","..\..\Pictures\CLEANING - REPAIRS\towell -seafarer 1.JPG#..\..\Pictures\CLEANING - REPAIRS\towell -seafarer 1.JPG#",
18775,"12/08/16 00:00:00","..\..\Pictures\CLEANING - REPAIRS\towell -seafarer 2.JPG#..\..\Pictures\CLEANING - REPAIRS\towell -seafarer 2.JPG#",
18775,"12/08/16 00:00:00","..\..\Pictures\CLEANING - REPAIRS\towell -seafarer 3.JPG#..\..\Pictures\CLEANING - REPAIRS\towell -seafarer 3.JPG#",
18775,"12/08/16 00:00:00","..\..\Pictures\CLEANING - REPAIRS\towell -seafarer 4.JPG#..\..\Pictures\CLEANING - REPAIRS\towell -seafarer 4.JPG#",
18775,"12/08/16 00:00:00","..\..\Pictures\CLEANING - REPAIRS\towell -seafarer 5.JPG#..\..\Pictures\CLEANING - REPAIRS\towell -seafarer 5.JPG#",
18775,"12/08/16 00:00:00","..\..\Pictures\CLEANING - REPAIRS\towell -seafarer 6.JPG#..\..\Pictures\CLEANING - REPAIRS\towell -seafarer 6.JPG#",
15995,"12/06/13 00:00:00","..\..\Pictures\CLEANING - REPAIRS\Vicari.jpg#..\..\Pictures\CLEANING - REPAIRS\Vicari.jpg#",
17591,"10/16/15 00:00:00","..\..\Pictures\CLEANING - REPAIRS\Villani 1.JPG#..\..\Pictures\CLEANING - REPAIRS\Villani 1.JPG#",
17591,"10/16/15 00:00:00","..\..\Pictures\CLEANING - REPAIRS\Villani 2.JPG#..\..\Pictures\CLEANING - REPAIRS\Villani 2.JPG#",
17591,"10/16/15 00:00:00","..\..\Pictures\CLEANING - REPAIRS\Villani 3.JPG#..\..\Pictures\CLEANING - REPAIRS\Villani 3.JPG#",
17591,"10/16/15 00:00:00","..\..\Pictures\CLEANING - REPAIRS\Villani 4.JPG#..\..\Pictures\CLEANING - REPAIRS\Villani 4.JPG#",
17591,"10/16/15 00:00:00","..\..\Pictures\CLEANING - REPAIRS\Villani 5.JPG#..\..\Pictures\CLEANING - REPAIRS\Villani 5.JPG#",
17591,"10/16/15 00:00:00","..\..\Pictures\CLEANING - REPAIRS\Villani 6.JPG#..\..\Pictures\CLEANING - REPAIRS\Villani 6.JPG#",
17591,"10/16/15 00:00:00","..\..\Pictures\CLEANING - REPAIRS\Villani 7.JPG#..\..\Pictures\CLEANING - REPAIRS\Villani 7.JPG#",
17591,"10/16/15 00:00:00","..\..\Pictures\CLEANING - REPAIRS\Villani 8.JPG#..\..\Pictures\CLEANING - REPAIRS\Villani 8.JPG#",
17591,"10/16/15 00:00:00","..\..\Pictures\CLEANING - REPAIRS\Villani 9.JPG#..\..\Pictures\CLEANING - REPAIRS\Villani 9.JPG#",
17591,"10/16/15 00:00:00","..\..\Pictures\CLEANING - REPAIRS\Villani 10.JPG#..\..\Pictures\CLEANING - REPAIRS\Villani 10.JPG#",
17591,"10/16/15 00:00:00","..\..\Pictures\CLEANING - REPAIRS\Villani 11.JPG#..\..\Pictures\CLEANING - REPAIRS\Villani 11.JPG#",
17591,"10/16/15 00:00:00","..\..\Pictures\CLEANING - REPAIRS\Villani 12.JPG#..\..\Pictures\CLEANING - REPAIRS\Villani 12.JPG#",
17591,"10/16/15 00:00:00","..\..\Pictures\CLEANING - REPAIRS\Villani 13.JPG#..\..\Pictures\CLEANING - REPAIRS\Villani 13.JPG#",
19196,"02/07/17 00:00:00","..\..\Pictures\CLEANING - REPAIRS\W Leb Feed Supply - Gilberte.jpg#..\..\Pictures\CLEANING - REPAIRS\W Leb Feed Supply - Gilberte.jpg#",
4460,"04/01/15 00:00:00","..\..\Pictures\CLEANING - REPAIRS\Wallpaper 35522.JPG#..\..\Pictures\CLEANING - REPAIRS\Wallpaper 35522.JPG#",
9488,"12/12/14 00:00:00","..\..\Pictures\CLEANING - REPAIRS\wiltshire-canconn 12-12-14 A.jpg#..\..\Pictures\CLEANING - REPAIRS\wiltshire-canconn 12-12-14 A.jpg#",
9488,"12/12/14 00:00:00","..\..\Pictures\CLEANING - REPAIRS\wiltshire-canconn 12-12-14 B.jpg#..\..\Pictures\CLEANING - REPAIRS\wiltshire-canconn 12-12-14 B.jpg#",
9488,"12/12/14 00:00:00","..\..\Pictures\CLEANING - REPAIRS\wiltshire-canconn 12-12-14 C.jpg#..\..\Pictures\CLEANING - REPAIRS\wiltshire-canconn 12-12-14 C.jpg#",
9488,"12/12/14 00:00:00","..\..\Pictures\CLEANING - REPAIRS\wiltshire-canconn 12-12-14 D.jpg#..\..\Pictures\CLEANING - REPAIRS\wiltshire-canconn 12-12-14 D.jpg#",
9488,"12/12/14 00:00:00","..\..\Pictures\CLEANING - REPAIRS\wiltshire-canconn 12-12-14 E.jpg#..\..\Pictures\CLEANING - REPAIRS\wiltshire-canconn 12-12-14 E.jpg#",
21836,"06/05/19 00:00:00","..\..\Pictures\CLEANING - REPAIRS\zimiles awning.jpg#..\..\Pictures\CLEANING - REPAIRS\zimiles awning.jpg#",
21836,"06/05/19 00:00:00","..\..\Pictures\CLEANING - REPAIRS\zimiles chair ottoman.jpg#..\..\Pictures\CLEANING - REPAIRS\zimiles chair ottoman.jpg#",
21836,"06/05/19 00:00:00","..\..\Pictures\CLEANING - REPAIRS\zimiles chaise.jpg#..\..\Pictures\CLEANING - REPAIRS\zimiles chaise.jpg#",
21836,"06/05/19 00:00:00","..\..\Pictures\CLEANING - REPAIRS\zimiles couch.jpg#..\..\Pictures\CLEANING - REPAIRS\zimiles couch.jpg#",
21836,"06/05/19 00:00:00","..\..\Pictures\CLEANING - REPAIRS\zimiles umbrella closed.jpg#..\..\Pictures\CLEANING - REPAIRS\zimiles umbrella closed.jpg#",
21836,"06/05/19 00:00:00","..\..\Pictures\CLEANING - REPAIRS\zimiles umbrella open.jpg#..\..\Pictures\CLEANING - REPAIRS\zimiles umbrella open.jpg#",
16778,"11/10/17 00:00:00","..\..\Pictures\CLEANING - REPAIRS\zombek B.jpg#..\..\Pictures\CLEANING - REPAIRS\zombek B.jpg#",
16778,"11/10/17 00:00:00","..\..\Pictures\CLEANING - REPAIRS\zombek C.jpg#..\..\Pictures\CLEANING - REPAIRS\zombek C.jpg#",
16778,"11/10/17 00:00:00","..\..\Pictures\CLEANING - REPAIRS\zombek A.jpg#..\..\Pictures\CLEANING - REPAIRS\zombek A.jpg#",
18442,"06/29/16 00:00:00","..\..\Pictures\Before - Afters\37654 A.jpg#..\..\Pictures\Before - Afters\37654 A.jpg#",
18442,"06/29/16 00:00:00","..\..\Pictures\Before - Afters\37654 B.jpg#..\..\Pictures\Before - Afters\37654 B.jpg#",
4300,"12/20/13 00:00:00","..\..\Pictures\Before - Afters\anner after 1.jpg#..\..\Pictures\Before - Afters\anner after 1.jpg#",
4300,"12/20/13 00:00:00","..\..\Pictures\Before - Afters\anner after 2.jpg#..\..\Pictures\Before - Afters\anner after 2.jpg#",
4300,"12/20/13 00:00:00","..\..\Pictures\Before - Afters\anner before 1.jpg#..\..\Pictures\Before - Afters\anner before 1.jpg#",
4300,"12/20/13 00:00:00","..\..\Pictures\Before - Afters\anner before 2.jpg#..\..\Pictures\Before - Afters\anner before 2.jpg#",
4300,"12/20/13 00:00:00","..\..\Pictures\Before - Afters\anner before 3.jpg#..\..\Pictures\Before - Afters\anner before 3.jpg#",
4300,"12/20/13 00:00:00","..\..\Pictures\Before - Afters\anner before 4.jpg#..\..\Pictures\Before - Afters\anner before 4.jpg#",
15998,"12/09/13 00:00:00","..\..\Pictures\Before - Afters\Bridgestone after 1.jpg#..\..\Pictures\Before - Afters\Bridgestone after 1.jpg#",
15998,"12/09/13 00:00:00","..\..\Pictures\Before - Afters\Bridgestone after 2.jpg#..\..\Pictures\Before - Afters\Bridgestone after 2.jpg#",
15998,"12/09/13 00:00:00","..\..\Pictures\Before - Afters\Bridgestone after 3.jpg#..\..\Pictures\Before - Afters\Bridgestone after 3.jpg#",
15998,"12/09/13 00:00:00","..\..\Pictures\Before - Afters\Bridgestone before.jpg#..\..\Pictures\Before - Afters\Bridgestone before.jpg#",
13913,"02/19/15 00:00:00","..\..\Pictures\Before - Afters\C&L 35320 A.jpg#..\..\Pictures\Before - Afters\C&L 35320 A.jpg#",
13913,"02/19/15 00:00:00","..\..\Pictures\Before - Afters\C&L 35320 B.jpg#..\..\Pictures\Before - Afters\C&L 35320 B.jpg#",
13913,"02/19/15 00:00:00","..\..\Pictures\Before - Afters\C&L 35320 C.jpg#..\..\Pictures\Before - Afters\C&L 35320 C.jpg#",
13913,"02/19/15 00:00:00","..\..\Pictures\Before - Afters\C&L 35320 D.jpg#..\..\Pictures\Before - Afters\C&L 35320 D.jpg#",
13913,"02/19/15 00:00:00","..\..\Pictures\Before - Afters\C&L 35320 E.jpg#..\..\Pictures\Before - Afters\C&L 35320 E.jpg#",
13913,"02/19/15 00:00:00","..\..\Pictures\Before - Afters\C&L 35320 F.jpg#..\..\Pictures\Before - Afters\C&L 35320 F.jpg#",
139,"02/19/15 00:00:00","..\..\Pictures\Before - Afters\CEK 35737 before 1.jpg#..\..\Pictures\Before - Afters\CEK 35737 before 1.jpg#",
139,"02/19/15 00:00:00","..\..\Pictures\Before - Afters\CEK 35737 before 2.jpg#..\..\Pictures\Before - Afters\CEK 35737 before 2.jpg#",
139,"02/19/15 00:00:00","..\..\Pictures\Before - Afters\CEK 35737 before 3.jpg#..\..\Pictures\Before - Afters\CEK 35737 before 3.jpg#",
16229,"02/17/14 00:00:00","..\..\Pictures\Before - Afters\Dalhausen 1.jpg#..\..\Pictures\Before - Afters\Dalhausen 1.jpg#",
16229,"02/17/14 00:00:00","..\..\Pictures\Before - Afters\Dalhausen 2.jpg#..\..\Pictures\Before - Afters\Dalhausen 2.jpg#",
16229,"02/17/14 00:00:00","..\..\Pictures\Before - Afters\Dalhausen 3.jpg#..\..\Pictures\Before - Afters\Dalhausen 3.jpg#",
16586,"05/23/19 00:00:00","..\..\Pictures\Before - Afters\Dietz after 1.jpg#..\..\Pictures\Before - Afters\Dietz after 1.jpg#",
16586,"05/23/19 00:00:00","..\..\Pictures\Before - Afters\Dietz after 2.jpg#..\..\Pictures\Before - Afters\Dietz after 2.jpg#",
16586,"05/23/19 00:00:00","..\..\Pictures\Before - Afters\Dietz after 3.jpg#..\..\Pictures\Before - Afters\Dietz after 3.jpg#",
16586,"05/23/19 00:00:00","..\..\Pictures\Before - Afters\Dietz after 4.jpg#..\..\Pictures\Before - Afters\Dietz after 4.jpg#",
16586,"05/23/19 00:00:00","..\..\Pictures\Before - Afters\Dietz after 5.jpg#..\..\Pictures\Before - Afters\Dietz after 5.jpg#",
16586,"05/23/19 00:00:00","..\..\Pictures\Before - Afters\Dietz after 6.jpg#..\..\Pictures\Before - Afters\Dietz after 6.jpg#",
16586,"05/23/19 00:00:00","..\..\Pictures\Before - Afters\Dietz after 7.jpg#..\..\Pictures\Before - Afters\Dietz after 7.jpg#",
16586,"05/23/19 00:00:00","..\..\Pictures\Before - Afters\Dietz before 1.jpg#..\..\Pictures\Before - Afters\Dietz before 1.jpg#",
16586,"05/23/19 00:00:00","..\..\Pictures\Before - Afters\dietz before 2.jpg#..\..\Pictures\Before - Afters\dietz before 2.jpg#",
16586,"05/23/19 00:00:00","..\..\Pictures\Before - Afters\Dietz before 3.jpg#..\..\Pictures\Before - Afters\Dietz before 3.jpg#",
16586,"05/23/19 00:00:00","..\..\Pictures\Before - Afters\Dietz before 4.jpg#..\..\Pictures\Before - Afters\Dietz before 4.jpg#",
16586,"05/23/19 00:00:00","..\..\Pictures\Before - Afters\Dietz before 5.jpg#..\..\Pictures\Before - Afters\Dietz before 5.jpg#",
16586,"05/23/19 00:00:00","..\..\Pictures\Before - Afters\Dietz before 6.jpg#..\..\Pictures\Before - Afters\Dietz before 6.jpg#",
16586,"05/23/19 00:00:00","..\..\Pictures\Before - Afters\Dietz before 7.jpg#..\..\Pictures\Before - Afters\Dietz before 7.jpg#",
16586,"05/23/19 00:00:00","..\..\Pictures\Before - Afters\Dietz before 8.jpg#..\..\Pictures\Before - Afters\Dietz before 8.jpg#",
16586,"05/23/19 00:00:00","..\..\Pictures\Before - Afters\Dietz before 9.jpg#..\..\Pictures\Before - Afters\Dietz before 9.jpg#",
19460,"06/17/14 00:00:00","..\..\Pictures\Before - Afters\Donovan-cheshire after1 6-14.jpg#..\..\Pictures\Before - Afters\Donovan-cheshire after1 6-14.jpg#",
19460,"06/17/14 00:00:00","..\..\Pictures\Before - Afters\Donovan-cheshire after2 6-14.jpg#..\..\Pictures\Before - Afters\Donovan-cheshire after2 6-14.jpg#",
19460,"06/17/14 00:00:00","..\..\Pictures\Before - Afters\Donovan-cheshire after3 6-14.jpg#..\..\Pictures\Before - Afters\Donovan-cheshire after3 6-14.jpg#",
19460,"06/17/14 00:00:00","..\..\Pictures\Before - Afters\Donovan-cheshire before1 6-14.jpg#..\..\Pictures\Before - Afters\Donovan-cheshire before1 6-14.jpg#",
19460,"06/17/14 00:00:00","..\..\Pictures\Before - Afters\Donovan-cheshire before2 6-14.jpg#..\..\Pictures\Before - Afters\Donovan-cheshire before2 6-14.jpg#",
19460,"06/17/14 00:00:00","..\..\Pictures\Before - Afters\Donovan-cheshire before3 6-14.jpg#..\..\Pictures\Before - Afters\Donovan-cheshire before3 6-14.jpg#",
9373,"06/11/10 00:00:00","..\..\Pictures\Before - Afters\Garcia 6-10.JPG#..\..\Pictures\Before - Afters\Garcia 6-10.JPG#",
9373,"06/11/10 00:00:00","..\..\Pictures\Before - Afters\Garcia2 6-10.JPG#..\..\Pictures\Before - Afters\Garcia2 6-10.JPG#",
16763,"11/01/14 00:00:00","..\..\Pictures\Before - Afters\Irwin Marine - GlenRaven 11-14 A.jpg#..\..\Pictures\Before - Afters\Irwin Marine - GlenRaven 11-14 A.jpg#",
16763,"11/01/14 00:00:00","..\..\Pictures\Before - Afters\Irwin Marine - GlenRaven 11-14 B.jpg#..\..\Pictures\Before - Afters\Irwin Marine - GlenRaven 11-14 B.jpg#",
16763,"11/01/14 00:00:00","..\..\Pictures\Before - Afters\Irwin Marine - GlenRaven 11-14 C.jpg#..\..\Pictures\Before - Afters\Irwin Marine - GlenRaven 11-14 C.jpg#",
16763,"11/01/14 00:00:00","..\..\Pictures\Before - Afters\Irwin Marine - GlenRaven 11-14 D.jpg#..\..\Pictures\Before - Afters\Irwin Marine - GlenRaven 11-14 D.jpg#",
16763,"11/01/14 00:00:00","..\..\Pictures\Before - Afters\Irwin Marine - GlenRaven 11-14 E.jpg#..\..\Pictures\Before - Afters\Irwin Marine - GlenRaven 11-14 E.jpg#",
16763,"11/01/14 00:00:00","..\..\Pictures\Before - Afters\Irwin Marine - GlenRaven 11-14 G.jpg#..\..\Pictures\Before - Afters\Irwin Marine - GlenRaven 11-14 G.jpg#",
16763,"11/01/14 00:00:00","..\..\Pictures\Before - Afters\Irwin Marine - GlenRaven 11-14 H.jpg#..\..\Pictures\Before - Afters\Irwin Marine - GlenRaven 11-14 H.jpg#",
16763,"11/01/14 00:00:00","..\..\Pictures\Before - Afters\Irwin Marine -GlenRaven 11-14 F.jpg#..\..\Pictures\Before - Afters\Irwin Marine -GlenRaven 11-14 F.jpg#",
15749,"07/18/13 00:00:00","..\..\Pictures\Before - Afters\leighton-chils 32253 after1.jpg#..\..\Pictures\Before - Afters\leighton-chils 32253 after1.jpg#",
15749,"07/18/13 00:00:00","..\..\Pictures\Before - Afters\leighton-chils 32253 after2.jpg#..\..\Pictures\Before - Afters\leighton-chils 32253 after2.jpg#",
15749,"07/18/13 00:00:00","..\..\Pictures\Before - Afters\leighton-chils 32253 before1.jpg#..\..\Pictures\Before - Afters\leighton-chils 32253 before1.jpg#",
15749,"07/18/13 00:00:00","..\..\Pictures\Before - Afters\leighton-chils 32253 before2.jpg#..\..\Pictures\Before - Afters\leighton-chils 32253 before2.jpg#",
6080,"02/21/14 00:00:00","..\..\Pictures\Before - Afters\Magee33537 afterA.JPG#..\..\Pictures\Before - Afters\Magee33537 afterA.JPG#",
6080,"02/21/14 00:00:00","..\..\Pictures\Before - Afters\Magee33537 afterB.JPG#..\..\Pictures\Before - Afters\Magee33537 afterB.JPG#",
6080,"02/21/14 00:00:00","..\..\Pictures\Before - Afters\Magee33537 afterC.JPG#..\..\Pictures\Before - Afters\Magee33537 afterC.JPG#",
6080,"02/21/14 00:00:00","..\..\Pictures\Before - Afters\Magee33537 afterD.JPG#..\..\Pictures\Before - Afters\Magee33537 afterD.JPG#",
6080,"02/21/14 00:00:00","..\..\Pictures\Before - Afters\Magee33537 before A.jpg#..\..\Pictures\Before - Afters\Magee33537 before A.jpg#",
14573,"11/29/12 16:30:57",,
10826,"12/05/12 00:00:00","..\Documents and Settings\Melissa\My Documents\CUSTOMER PHOTOS FOR DATABASE - do not delete or move these files\Letizia 2.JPG#..\Documents and Settings\Melissa\My Documents\CUSTOMER PHOTOS FOR DATABASE - do not delete or move these files\Letizia 2.JPG#",
10826,"12/05/12 00:00:00","..\Documents and Settings\Melissa\My Documents\CUSTOMER PHOTOS FOR DATABASE - do not delete or move these files\Letizia 1.JPG#..\Documents and Settings\Melissa\My Documents\CUSTOMER PHOTOS FOR DATABASE - do not delete or move these files\Letizia 1.JPG#",
15022,"12/07/12 00:00:00","..\Documents and Settings\Melissa\My Documents\CUSTOMER PHOTOS FOR DATABASE - do not delete or move these files\Shafer 1.pdf#..\Documents and Settings\Melissa\My Documents\CUSTOMER PHOTOS FOR DATABASE - do not delete or move these files\Shafer 1.pdf#",
15022,"12/07/12 00:00:00","..\Documents and Settings\Melissa\My Documents\CUSTOMER PHOTOS FOR DATABASE - do not delete or move these files\Shafer 2.pdf#..\Documents and Settings\Melissa\My Documents\CUSTOMER PHOTOS FOR DATABASE - do not delete or move these files\Shafer 2.pdf#",
14943,"12/07/12 00:00:00","..\Documents and Settings\Melissa\My Documents\CUSTOMER PHOTOS FOR DATABASE - do not delete or move these files\Shafer 1.pdf#..\Documents and Settings\Melissa\My Documents\CUSTOMER PHOTOS FOR DATABASE - do not delete or move these files\Shafer 1.pdf#",
14943,"12/07/12 00:00:00","..\Documents and Settings\Melissa\My Documents\CUSTOMER PHOTOS FOR DATABASE - do not delete or move these files\Shafer 2.pdf#..\Documents and Settings\Melissa\My Documents\CUSTOMER PHOTOS FOR DATABASE - do not delete or move these files\Shafer 2.pdf#",
7676,"12/26/12 00:00:00","..\Documents and Settings\Melissa\My Documents\CUSTOMER PHOTOS FOR DATABASE - do not delete or move these files\Budd.pdf#..\Documents and Settings\Melissa\My Documents\CUSTOMER PHOTOS FOR DATABASE - do not delete or move these files\Budd.pdf#",
15126,"01/16/13 00:00:00","..\Documents and Settings\Melissa\My Documents\CUSTOMER PHOTOS FOR DATABASE - do not delete or move these files\Long Road 1 before.JPG#..\Documents and Settings\Melissa\My Documents\CUSTOMER PHOTOS FOR DATABASE - do not delete or move these files\Long Road 1 before.JPG#",
15126,"01/16/13 00:00:00","..\Documents and Settings\Melissa\My Documents\CUSTOMER PHOTOS FOR DATABASE - do not delete or move these files\Long Road 2 before.JPG#..\Documents and Settings\Melissa\My Documents\CUSTOMER PHOTOS FOR DATABASE - do not delete or move these files\Long Road 2 before.JPG#",
15126,"01/16/13 00:00:00","..\Documents and Settings\Melissa\My Documents\CUSTOMER PHOTOS FOR DATABASE - do not delete or move these files\Long Road 3 before.JPG#..\Documents and Settings\Melissa\My Documents\CUSTOMER PHOTOS FOR DATABASE - do not delete or move these files\Long Road 3 before.JPG#",
15126,"01/16/13 00:00:00","..\Documents and Settings\Melissa\My Documents\CUSTOMER PHOTOS FOR DATABASE - do not delete or move these files\Long Road 4 before.JPG#..\Documents and Settings\Melissa\My Documents\CUSTOMER PHOTOS FOR DATABASE - do not delete or move these files\Long Road 4 before.JPG#",
15126,"01/16/13 00:00:00","..\Documents and Settings\Melissa\My Documents\CUSTOMER PHOTOS FOR DATABASE - do not delete or move these files\Long Road 5 before.JPG#..\Documents and Settings\Melissa\My Documents\CUSTOMER PHOTOS FOR DATABASE - do not delete or move these files\Long Road 5 before.JPG#",
15126,"01/16/13 00:00:00","..\Documents and Settings\Melissa\My Documents\CUSTOMER PHOTOS FOR DATABASE - do not delete or move these files\Long Road 6 before.JPG#..\Documents and Settings\Melissa\My Documents\CUSTOMER PHOTOS FOR DATABASE - do not delete or move these files\Long Road 6 before.JPG#",
15126,"01/16/13 00:00:00","..\Documents and Settings\Melissa\My Documents\CUSTOMER PHOTOS FOR DATABASE - do not delete or move these files\Long Road 7 before.JPG#..\Documents and Settings\Melissa\My Documents\CUSTOMER PHOTOS FOR DATABASE - do not delete or move these files\Long Road 7 before.JPG#",
15126,"01/16/13 00:00:00","..\Documents and Settings\Melissa\My Documents\CUSTOMER PHOTOS FOR DATABASE - do not delete or move these files\Long Road 8 after.JPG#..\Documents and Settings\Melissa\My Documents\CUSTOMER PHOTOS FOR DATABASE - do not delete or move these files\Long Road 8 after.JPG#",
15126,"01/16/13 00:00:00","..\Documents and Settings\Melissa\My Documents\CUSTOMER PHOTOS FOR DATABASE - do not delete or move these files\Long Road 9 after.JPG#..\Documents and Settings\Melissa\My Documents\CUSTOMER PHOTOS FOR DATABASE - do not delete or move these files\Long Road 9 after.JPG#",
15126,"01/16/13 00:00:00","..\Documents and Settings\Melissa\My Documents\CUSTOMER PHOTOS FOR DATABASE - do not delete or move these files\Long Road 10 after.JPG#..\Documents and Settings\Melissa\My Documents\CUSTOMER PHOTOS FOR DATABASE - do not delete or move these files\Long Road 10 after.JPG#",
15126,"01/16/13 00:00:00","..\Documents and Settings\Melissa\My Documents\CUSTOMER PHOTOS FOR DATABASE - do not delete or move these files\Long Road 11 after.JPG#..\Documents and Settings\Melissa\My Documents\CUSTOMER PHOTOS FOR DATABASE - do not delete or move these files\Long Road 11 after.JPG#",
15126,"01/16/13 00:00:00","..\Documents and Settings\Melissa\My Documents\CUSTOMER PHOTOS FOR DATABASE - do not delete or move these files\Long Road 12 after.JPG#..\Documents and Settings\Melissa\My Documents\CUSTOMER PHOTOS FOR DATABASE - do not delete or move these files\Long Road 12 after.JPG#",
15126,"01/16/13 00:00:00","..\Documents and Settings\Melissa\My Documents\CUSTOMER PHOTOS FOR DATABASE - do not delete or move these files\Long Road 13 before.JPG#..\Documents and Settings\Melissa\My Documents\CUSTOMER PHOTOS FOR DATABASE - do not delete or move these files\Long Road 13 before.JPG#",
15126,"01/16/13 00:00:00","..\Documents and Settings\Melissa\My Documents\CUSTOMER PHOTOS FOR DATABASE - do not delete or move these files\Long Road 14 before.JPG#..\Documents and Settings\Melissa\My Documents\CUSTOMER PHOTOS FOR DATABASE - do not delete or move these files\Long Road 14 before.JPG#",
15126,"01/16/13 00:00:00","..\Documents and Settings\Melissa\My Documents\CUSTOMER PHOTOS FOR DATABASE - do not delete or move these files\Long Road 15 before.JPG#..\Documents and Settings\Melissa\My Documents\CUSTOMER PHOTOS FOR DATABASE - do not delete or move these files\Long Road 15 before.JPG#",
15126,"01/16/13 00:00:00","..\Documents and Settings\Melissa\My Documents\CUSTOMER PHOTOS FOR DATABASE - do not delete or move these files\Long Road 16 after.JPG#..\Documents and Settings\Melissa\My Documents\CUSTOMER PHOTOS FOR DATABASE - do not delete or move these files\Long Road 16 after.JPG#",
15126,"01/16/13 00:00:00","..\Documents and Settings\Melissa\My Documents\CUSTOMER PHOTOS FOR DATABASE - do not delete or move these files\Long Road 17 after.JPG#..\Documents and Settings\Melissa\My Documents\CUSTOMER PHOTOS FOR DATABASE - do not delete or move these files\Long Road 17 after.JPG#",
15126,"01/16/13 00:00:00","..\Documents and Settings\Melissa\My Documents\CUSTOMER PHOTOS FOR DATABASE - do not delete or move these files\Long Road 18 after.JPG#..\Documents and Settings\Melissa\My Documents\CUSTOMER PHOTOS FOR DATABASE - do not delete or move these files\Long Road 18 after.JPG#",
15126,"01/16/13 00:00:00","..\Documents and Settings\Melissa\My Documents\CUSTOMER PHOTOS FOR DATABASE - do not delete or move these files\Long Road 19 after.JPG#..\Documents and Settings\Melissa\My Documents\CUSTOMER PHOTOS FOR DATABASE - do not delete or move these files\Long Road 19 after.JPG#",
10762,"12/10/19 00:00:00","..\..\Pictures\CLEANING - REPAIRS\dalonzo 1.jpg#..\..\Pictures\CLEANING - REPAIRS\dalonzo 1.jpg#",
10762,"12/10/19 00:00:00","..\..\Pictures\CLEANING - REPAIRS\dalonzo 2.jpg#..\..\Pictures\CLEANING - REPAIRS\dalonzo 2.jpg#",
14880,"03/12/14 00:00:00","..\..\Pictures\CLEANING - REPAIRS\Allen 33330 3-12-14 A.jpg#..\..\Pictures\CLEANING - REPAIRS\Allen 33330 3-12-14 A.jpg#",
14880,"03/12/14 00:00:00","..\..\Pictures\CLEANING - REPAIRS\Allen 33330 3-12-14 B.jpg#..\..\Pictures\CLEANING - REPAIRS\Allen 33330 3-12-14 B.jpg#",
18793,"03/24/18 00:00:00","..\..\Pictures\CLEANING - REPAIRS\Auddino 40714.jpeg#..\..\Pictures\CLEANING - REPAIRS\Auddino 40714.jpeg#",
17359,"04/27/15 00:00:00","..\..\Pictures\CLEANING - REPAIRS\Balsano 35524 A.jpg#..\..\Pictures\CLEANING - REPAIRS\Balsano 35524 A.jpg#",
17359,"04/27/15 00:00:00","..\..\Pictures\CLEANING - REPAIRS\Balsano 35524 B.jpg#..\..\Pictures\CLEANING - REPAIRS\Balsano 35524 B.jpg#",
20671,"06/06/18 00:00:00","..\..\Pictures\CLEANING - REPAIRS\baybrook 2.JPG#..\..\Pictures\CLEANING - REPAIRS\baybrook 2.JPG#",
20671,"06/06/18 00:00:00","..\..\Pictures\CLEANING - REPAIRS\baybrook 3.JPG#..\..\Pictures\CLEANING - REPAIRS\baybrook 3.JPG#",
17304,"03/11/15 00:00:00","..\..\Pictures\CLEANING - REPAIRS\Bellocq 35417 A.jpg#..\..\Pictures\CLEANING - REPAIRS\Bellocq 35417 A.jpg#",
17304,"03/11/15 00:00:00","..\..\Pictures\CLEANING - REPAIRS\Bellocq 35417 B.jpg#..\..\Pictures\CLEANING - REPAIRS\Bellocq 35417 B.jpg#",
17304,"03/11/15 00:00:00","..\..\Pictures\CLEANING - REPAIRS\Bellocq 35417 C.jpg#..\..\Pictures\CLEANING - REPAIRS\Bellocq 35417 C.jpg#",
17304,"03/11/15 00:00:00","..\..\Pictures\CLEANING - REPAIRS\Bellocq 35417 D.jpg#..\..\Pictures\CLEANING - REPAIRS\Bellocq 35417 D.jpg#",
17304,"03/11/15 00:00:00","..\..\Pictures\CLEANING - REPAIRS\Bellocq 35417 E.jpg#..\..\Pictures\CLEANING - REPAIRS\Bellocq 35417 E.jpg#",
17304,"03/11/15 00:00:00","..\..\Pictures\CLEANING - REPAIRS\Bellocq 35417 F.jpg#..\..\Pictures\CLEANING - REPAIRS\Bellocq 35417 F.jpg#",
17304,"03/11/15 00:00:00","..\..\Pictures\CLEANING - REPAIRS\Bellocq 35417 G.jpg#..\..\Pictures\CLEANING - REPAIRS\Bellocq 35417 G.jpg#",
2649,"05/01/18 00:00:00","..\..\Pictures\CLEANING - REPAIRS\bertuzzi 5-18 A.jpg#..\..\Pictures\CLEANING - REPAIRS\bertuzzi 5-18 A.jpg#",
2649,"05/01/18 00:00:00","..\..\Pictures\CLEANING - REPAIRS\bertuzzi 5-18 B.jpg#..\..\Pictures\CLEANING - REPAIRS\bertuzzi 5-18 B.jpg#",
11787,"12/10/19 00:00:00","..\..\Pictures\CLEANING - REPAIRS\Bialo 1.jpg#..\..\Pictures\CLEANING - REPAIRS\Bialo 1.jpg#",
11787,"12/10/19 00:00:00","..\..\Pictures\CLEANING - REPAIRS\Bialo 2.jpg#..\..\Pictures\CLEANING - REPAIRS\Bialo 2.jpg#",
17424,"12/10/19 00:00:00","..\..\Pictures\CLEANING - REPAIRS\biondi umbrella.JPG#..\..\Pictures\CLEANING - REPAIRS\biondi umbrella.JPG#",
18071,"12/10/19 00:00:00","..\..\Pictures\CLEANING - REPAIRS\Canny-Allerton B.jpg#..\..\Pictures\CLEANING - REPAIRS\Canny-Allerton B.jpg#",
18071,"12/10/19 00:00:00","..\..\Pictures\CLEANING - REPAIRS\Canny-Allerton C.jpg#..\..\Pictures\CLEANING - REPAIRS\Canny-Allerton C.jpg#",
15872,"10/01/14 00:00:00","..\..\Pictures\CLEANING - REPAIRS\CaseyBridget 10-14 A.JPG#..\..\Pictures\CLEANING - REPAIRS\CaseyBridget 10-14 A.JPG#",
15872,"10/01/14 00:00:00","..\..\Pictures\CLEANING - REPAIRS\CaseyBridget 10-14 B.JPG#..\..\Pictures\CLEANING - REPAIRS\CaseyBridget 10-14 B.JPG#",
15872,"10/01/14 00:00:00","..\..\Pictures\CLEANING - REPAIRS\CaseyBridget 10-14 C.JPG#..\..\Pictures\CLEANING - REPAIRS\CaseyBridget 10-14 C.JPG#",
15872,"10/01/14 00:00:00","..\..\Pictures\CLEANING - REPAIRS\CaseyBridget 10-14 D.JPG#..\..\Pictures\CLEANING - REPAIRS\CaseyBridget 10-14 D.JPG#",
15872,"10/01/14 00:00:00","..\..\Pictures\CLEANING - REPAIRS\CaseyBridget 10-14 E.JPG#..\..\Pictures\CLEANING - REPAIRS\CaseyBridget 10-14 E.JPG#",
15872,"10/01/14 00:00:00","..\..\Pictures\CLEANING - REPAIRS\CaseyBridget 10-14 F.JPG#..\..\Pictures\CLEANING - REPAIRS\CaseyBridget 10-14 F.JPG#",
15872,"10/01/14 00:00:00","..\..\Pictures\CLEANING - REPAIRS\CaseyBridget 10-14 G.JPG#..\..\Pictures\CLEANING - REPAIRS\CaseyBridget 10-14 G.JPG#",
15872,"10/01/14 00:00:00","..\..\Pictures\CLEANING - REPAIRS\CaseyBridget 10-14 H.JPG#..\..\Pictures\CLEANING - REPAIRS\CaseyBridget 10-14 H.JPG#",
21996,"12/10/19 00:00:00","..\..\Pictures\CLEANING - REPAIRS\Cassin 1.jpg#..\..\Pictures\CLEANING - REPAIRS\Cassin 1.jpg#",
21996,"12/10/19 00:00:00","..\..\Pictures\CLEANING - REPAIRS\Cassin 2.jpg#..\..\Pictures\CLEANING - REPAIRS\Cassin 2.jpg#",
21996,"12/10/19 00:00:00","..\..\Pictures\CLEANING - REPAIRS\Cassin 3.jpg#..\..\Pictures\CLEANING - REPAIRS\Cassin 3.jpg#",
20794,"11/18/18 00:00:00","..\..\Pictures\CLEANING - REPAIRS\Chin-WW 1.jpg#..\..\Pictures\CLEANING - REPAIRS\Chin-WW 1.jpg#",
20794,"11/18/18 00:00:00","..\..\Pictures\CLEANING - REPAIRS\Chin-WW 2.jpg#..\..\Pictures\CLEANING - REPAIRS\Chin-WW 2.jpg#",
15821,"09/01/19 00:00:00","..\..\Pictures\CLEANING - REPAIRS\Coletti 1.jpg#..\..\Pictures\CLEANING - REPAIRS\Coletti 1.jpg#",
15821,"09/01/19 00:00:00","..\..\Pictures\CLEANING - REPAIRS\coletti 2.jpg#..\..\Pictures\CLEANING - REPAIRS\coletti 2.jpg#",
15821,"09/01/19 00:00:00","..\..\Pictures\CLEANING - REPAIRS\Coletti 3.jpg#..\..\Pictures\CLEANING - REPAIRS\Coletti 3.jpg#",
20943,"05/01/19 00:00:00","..\..\Pictures\CLEANING - REPAIRS\deadeyedicks1.JPG#..\..\Pictures\CLEANING - REPAIRS\deadeyedicks1.JPG#",
20943,"05/01/19 00:00:00","..\..\Pictures\CLEANING - REPAIRS\deadeyedicks2.JPG#..\..\Pictures\CLEANING - REPAIRS\deadeyedicks2.JPG#",
14340,"03/07/16 00:00:00","..\..\Pictures\CLEANING - REPAIRS\Demarest-CanConn 36523.jpg#..\..\Pictures\CLEANING - REPAIRS\Demarest-CanConn 36523.jpg#",
13227,"01/09/14 00:00:00","..\..\Pictures\CLEANING - REPAIRS\Diana-canvasbyvictoria.jpg#..\..\Pictures\CLEANING - REPAIRS\Diana-canvasbyvictoria.jpg#",
4429,"10/12/15 00:00:00","..\..\Pictures\CLEANING - REPAIRS\franklin-carol A.jpg#..\..\Pictures\CLEANING - REPAIRS\franklin-carol A.jpg#",
4429,"10/12/15 00:00:00","..\..\Pictures\CLEANING - REPAIRS\franklin-carol B.jpg#..\..\Pictures\CLEANING - REPAIRS\franklin-carol B.jpg#",
4429,"10/12/15 00:00:00","..\..\Pictures\CLEANING - REPAIRS\franklin-carol C.jpg#..\..\Pictures\CLEANING - REPAIRS\franklin-carol C.jpg#",
8823,"08/01/15 00:00:00","..\..\Pictures\CLEANING - REPAIRS\freeman 8-15 A.jpg#..\..\Pictures\CLEANING - REPAIRS\freeman 8-15 A.jpg#",
8823,"08/01/15 00:00:00","..\..\Pictures\CLEANING - REPAIRS\freeman 8-15 B.jpg#..\..\Pictures\CLEANING - REPAIRS\freeman 8-15 B.jpg#",
11440,"04/03/17 00:00:00","..\..\Pictures\CLEANING - REPAIRS\Gard - NS CT.jpg#..\..\Pictures\CLEANING - REPAIRS\Gard - NS CT.jpg#",
16414,"01/31/18 00:00:00","..\..\Pictures\CLEANING - REPAIRS\garvey 1.jpg#..\..\Pictures\CLEANING - REPAIRS\garvey 1.jpg#",
16414,"01/31/18 00:00:00","..\..\Pictures\CLEANING - REPAIRS\garvey 2.jpg#..\..\Pictures\CLEANING - REPAIRS\garvey 2.jpg#",
16322,"03/21/16 00:00:00","..\..\Pictures\CLEANING - REPAIRS\Gelotte 36850 A.jpg#..\..\Pictures\CLEANING - REPAIRS\Gelotte 36850 A.jpg#",
16322,"03/21/16 00:00:00","..\..\Pictures\CLEANING - REPAIRS\Gelotte 36850 B.jpg#..\..\Pictures\CLEANING - REPAIRS\Gelotte 36850 B.jpg#",
16322,"03/21/16 00:00:00","..\..\Pictures\CLEANING - REPAIRS\Gelotte 36850 C.jpg#..\..\Pictures\CLEANING - REPAIRS\Gelotte 36850 C.jpg#",
16322,"03/21/16 00:00:00","..\..\Pictures\CLEANING - REPAIRS\Gelotte 36850 D.jpg#..\..\Pictures\CLEANING - REPAIRS\Gelotte 36850 D.jpg#",
12359,"02/06/16 00:00:00","..\..\Pictures\CLEANING - REPAIRS\Gerard R9702 A.jpg#..\..\Pictures\CLEANING - REPAIRS\Gerard R9702 A.jpg#",
12359,"02/06/16 00:00:00","..\..\Pictures\CLEANING - REPAIRS\Gerard R9702 B.jpg#..\..\Pictures\CLEANING - REPAIRS\Gerard R9702 B.jpg#",
7939,"04/03/17 00:00:00","..\..\Pictures\CLEANING - REPAIRS\gleason-doyle 39628 A.jpg#..\..\Pictures\CLEANING - REPAIRS\gleason-doyle 39628 A.jpg#",
7939,"04/03/17 00:00:00","..\..\Pictures\CLEANING - REPAIRS\gleason-doyle 39628 B.jpg#..\..\Pictures\CLEANING - REPAIRS\gleason-doyle 39628 B.jpg#",
7939,"04/03/17 00:00:00","..\..\Pictures\CLEANING - REPAIRS\gleason-doyle 39628 C.jpg#..\..\Pictures\CLEANING - REPAIRS\gleason-doyle 39628 C.jpg#",
7939,"04/03/17 00:00:00","..\..\Pictures\CLEANING - REPAIRS\gleason-doyle 39628 D.jpg#..\..\Pictures\CLEANING - REPAIRS\gleason-doyle 39628 D.jpg#",
7939,"04/03/17 00:00:00","..\..\Pictures\CLEANING - REPAIRS\gleason-doyle 39628 E.jpg#..\..\Pictures\CLEANING - REPAIRS\gleason-doyle 39628 E.jpg#",
18491,"10/18/13 00:00:00","..\..\Pictures\CLEANING - REPAIRS\gregg3.jpg#..\..\Pictures\CLEANING - REPAIRS\gregg3.jpg#",
18491,"10/18/13 00:00:00","..\..\Pictures\CLEANING - REPAIRS\gregge1.jpg#..\..\Pictures\CLEANING - REPAIRS\gregge1.jpg#",
18491,"10/18/13 00:00:00","..\..\Pictures\CLEANING - REPAIRS\gregge2.jpg#..\..\Pictures\CLEANING - REPAIRS\gregge2.jpg#",
18491,"10/18/13 00:00:00","..\..\Pictures\CLEANING - REPAIRS\gregge4.jpg#..\..\Pictures\CLEANING - REPAIRS\gregge4.jpg#",
17048,"02/27/15 00:00:00","..\..\Pictures\CLEANING - REPAIRS\Grossman-Perinos 34908 A.jpg#..\..\Pictures\CLEANING - REPAIRS\Grossman-Perinos 34908 A.jpg#",
17048,"02/27/15 00:00:00","..\..\Pictures\CLEANING - REPAIRS\Grossman-Perinos 34908 after A.jpg#..\..\Pictures\CLEANING - REPAIRS\Grossman-Perinos 34908 after A.jpg#",
17048,"02/27/15 00:00:00","..\..\Pictures\CLEANING - REPAIRS\Grossman-Perinos 34908 after B.jpg#..\..\Pictures\CLEANING - REPAIRS\Grossman-Perinos 34908 after B.jpg#",
17048,"02/27/15 00:00:00","..\..\Pictures\CLEANING - REPAIRS\Grossman-Perinos 34908 B.jpg#..\..\Pictures\CLEANING - REPAIRS\Grossman-Perinos 34908 B.jpg#",
17048,"02/27/15 00:00:00","..\..\Pictures\CLEANING - REPAIRS\Grossman-Perinos 34908 before A.jpg#..\..\Pictures\CLEANING - REPAIRS\Grossman-Perinos 34908 before A.jpg#",
17048,"02/27/15 00:00:00","..\..\Pictures\CLEANING - REPAIRS\Grossman-Perinos 34908 before B.jpg#..\..\Pictures\CLEANING - REPAIRS\Grossman-Perinos 34908 before B.jpg#",
17048,"02/27/15 00:00:00","..\..\Pictures\CLEANING - REPAIRS\Grossman-Perinos 34908 C.jpg#..\..\Pictures\CLEANING - REPAIRS\Grossman-Perinos 34908 C.jpg#",
17048,"02/27/15 00:00:00","..\..\Pictures\CLEANING - REPAIRS\Grossman-Perinos 34908 D.jpg#..\..\Pictures\CLEANING - REPAIRS\Grossman-Perinos 34908 D.jpg#",
19295,"03/21/17 00:00:00","..\..\Pictures\CLEANING - REPAIRS\Hamphrey - Doyle 39406.jpg#..\..\Pictures\CLEANING - REPAIRS\Hamphrey - Doyle 39406.jpg#",
18066,"02/10/16 00:00:00","..\..\Pictures\CLEANING - REPAIRS\Handler-Allerton 36996 A.jpg#..\..\Pictures\CLEANING - REPAIRS\Handler-Allerton 36996 A.jpg#",
18066,"02/10/16 00:00:00","..\..\Pictures\CLEANING - REPAIRS\Handler-Allerton 36996 B.jpg#..\..\Pictures\CLEANING - REPAIRS\Handler-Allerton 36996 B.jpg#",
18066,"02/10/16 00:00:00","..\..\Pictures\CLEANING - REPAIRS\Handler-Allerton 36996 C.jpg#..\..\Pictures\CLEANING - REPAIRS\Handler-Allerton 36996 C.jpg#",
18312,"03/18/16 00:00:00","..\..\Pictures\CLEANING - REPAIRS\hat trick - gemini 3-18-16.JPG#..\..\Pictures\CLEANING - REPAIRS\hat trick - gemini 3-18-16.JPG#",
21865,"10/16/19 00:00:00","..\..\Pictures\CLEANING - REPAIRS\Hicks 44643 A.jpg#..\..\Pictures\CLEANING - REPAIRS\Hicks 44643 A.jpg#",
21865,"10/16/19 00:00:00","..\..\Pictures\CLEANING - REPAIRS\Hicks 44643 B.jpg#..\..\Pictures\CLEANING - REPAIRS\Hicks 44643 B.jpg#",
21865,"10/16/19 00:00:00","..\..\Pictures\CLEANING - REPAIRS\Hicks 44643 Velcro A.jpg#..\..\Pictures\CLEANING - REPAIRS\Hicks 44643 Velcro A.jpg#",
21865,"10/16/19 00:00:00","..\..\Pictures\CLEANING - REPAIRS\Hicks 44643 Velcro B.jpg#..\..\Pictures\CLEANING - REPAIRS\Hicks 44643 Velcro B.jpg#",
21865,"10/16/19 00:00:00","..\..\Pictures\CLEANING - REPAIRS\Hicks 44643 Velcro C.jpg#..\..\Pictures\CLEANING - REPAIRS\Hicks 44643 Velcro C.jpg#",
21865,"10/16/19 00:00:00","..\..\Pictures\CLEANING - REPAIRS\Hicks 44643 Velcro D.jpg#..\..\Pictures\CLEANING - REPAIRS\Hicks 44643 Velcro D.jpg#",
21865,"10/16/19 00:00:00","..\..\Pictures\CLEANING - REPAIRS\Hicks 44643 Velcro E.jpg#..\..\Pictures\CLEANING - REPAIRS\Hicks 44643 Velcro E.jpg#",
1768,"04/23/19 00:00:00","..\..\Pictures\CLEANING - REPAIRS\Jalapeno 4-23-19 A.JPG#..\..\Pictures\CLEANING - REPAIRS\Jalapeno 4-23-19 A.JPG#",
1768,"04/23/19 00:00:00","..\..\Pictures\CLEANING - REPAIRS\Jalapeno 4-23-19 B.JPG#..\..\Pictures\CLEANING - REPAIRS\Jalapeno 4-23-19 B.JPG#",
1768,"04/23/19 00:00:00","..\..\Pictures\CLEANING - REPAIRS\Jalapeno 4-23-19 C.JPG#..\..\Pictures\CLEANING - REPAIRS\Jalapeno 4-23-19 C.JPG#",
1768,"04/23/19 00:00:00","..\..\Pictures\CLEANING - REPAIRS\Jalapeno 4-23-19 D.JPG#..\..\Pictures\CLEANING - REPAIRS\Jalapeno 4-23-19 D.JPG#",
17237,"03/30/15 00:00:00","..\..\Pictures\CLEANING - REPAIRS\Jones 35304 before.jpg#..\..\Pictures\CLEANING - REPAIRS\Jones 35304 before.jpg#",
17237,"03/30/15 00:00:00","..\..\Pictures\CLEANING - REPAIRS\Jones 35304 after.jpg#..\..\Pictures\CLEANING - REPAIRS\Jones 35304 after.jpg#",
4520,"10/01/14 00:00:00","..\..\Pictures\CLEANING - REPAIRS\Kaufman F14 A.jpg#..\..\Pictures\CLEANING - REPAIRS\Kaufman F14 A.jpg#",
4520,"10/01/14 00:00:00","..\..\Pictures\CLEANING - REPAIRS\Kaufman F14 B.jpg#..\..\Pictures\CLEANING - REPAIRS\Kaufman F14 B.jpg#",
4520,"10/01/14 00:00:00","..\..\Pictures\CLEANING - REPAIRS\Kaufman F14 C.jpg#..\..\Pictures\CLEANING - REPAIRS\Kaufman F14 C.jpg#",
12345,"12/30/14 00:00:00","..\..\Pictures\CLEANING - REPAIRS\Kempe 34835 A.jpg#..\..\Pictures\CLEANING - REPAIRS\Kempe 34835 A.jpg#",
12345,"12/30/14 00:00:00","..\..\Pictures\CLEANING - REPAIRS\Kempe 34835 B.jpg#..\..\Pictures\CLEANING - REPAIRS\Kempe 34835 B.jpg#",
12345,"12/30/14 00:00:00","..\..\Pictures\CLEANING - REPAIRS\Kempe 34835 C.jpg#..\..\Pictures\CLEANING - REPAIRS\Kempe 34835 C.jpg#",
12345,"12/30/14 00:00:00","..\..\Pictures\CLEANING - REPAIRS\Kempe 34835 D.jpg#..\..\Pictures\CLEANING - REPAIRS\Kempe 34835 D.jpg#",
17219,"01/20/16 00:00:00","..\..\Pictures\CLEANING - REPAIRS\Kostelac R9773 A.jpg#..\..\Pictures\CLEANING - REPAIRS\Kostelac R9773 A.jpg#",
17219,"01/20/16 00:00:00","..\..\Pictures\CLEANING - REPAIRS\Kostelac R9773 B.jpg#..\..\Pictures\CLEANING - REPAIRS\Kostelac R9773 B.jpg#",
17219,"01/20/16 00:00:00","..\..\Pictures\CLEANING - REPAIRS\Kostelac R9773 C.jpg#..\..\Pictures\CLEANING - REPAIRS\Kostelac R9773 C.jpg#",
17219,"01/20/16 00:00:00","..\..\Pictures\CLEANING - REPAIRS\Kostelac R9773 D.jpg#..\..\Pictures\CLEANING - REPAIRS\Kostelac R9773 D.jpg#",
17219,"01/20/16 00:00:00","..\..\Pictures\CLEANING - REPAIRS\Kostelac R9773 E.jpg#..\..\Pictures\CLEANING - REPAIRS\Kostelac R9773 E.jpg#",
17219,"01/20/16 00:00:00","..\..\Pictures\CLEANING - REPAIRS\Kostelac R9773 F.jpg#..\..\Pictures\CLEANING - REPAIRS\Kostelac R9773 F.jpg#",
17219,"01/20/16 00:00:00","..\..\Pictures\CLEANING - REPAIRS\Kostelac R9773 G.jpg#..\..\Pictures\CLEANING - REPAIRS\Kostelac R9773 G.jpg#",
17219,"01/20/16 00:00:00","..\..\Pictures\CLEANING - REPAIRS\Kostelac R9773 H.jpg#..\..\Pictures\CLEANING - REPAIRS\Kostelac R9773 H.jpg#",
17219,"01/20/16 00:00:00","..\..\Pictures\CLEANING - REPAIRS\Kostelac R9773 I.jpg#..\..\Pictures\CLEANING - REPAIRS\Kostelac R9773 I.jpg#",
17219,"01/20/16 00:00:00","..\..\Pictures\CLEANING - REPAIRS\Kostelac R9773 J.jpg#..\..\Pictures\CLEANING - REPAIRS\Kostelac R9773 J.jpg#",
17219,"01/20/16 00:00:00","..\..\Pictures\CLEANING - REPAIRS\Kostelac R9773 K.jpg#..\..\Pictures\CLEANING - REPAIRS\Kostelac R9773 K.jpg#",
17219,"01/20/16 00:00:00","..\..\Pictures\CLEANING - REPAIRS\Kostelac R9773 L.jpg#..\..\Pictures\CLEANING - REPAIRS\Kostelac R9773 L.jpg#",
12489,"01/09/14 00:00:00","..\..\Pictures\CLEANING - REPAIRS\Langton-canvasconnection 1.jpg#..\..\Pictures\CLEANING - REPAIRS\Langton-canvasconnection 1.jpg#",
18078,"02/10/16 00:00:00","..\..\Pictures\CLEANING - REPAIRS\Lippincott 1.jpg#..\..\Pictures\CLEANING - REPAIRS\Lippincott 1.jpg#",
18078,"02/10/16 00:00:00","..\..\Pictures\CLEANING - REPAIRS\Lippincott 2.jpg#..\..\Pictures\CLEANING - REPAIRS\Lippincott 2.jpg#",
18078,"02/10/16 00:00:00","..\..\Pictures\CLEANING - REPAIRS\Lippincott 3.jpg#..\..\Pictures\CLEANING - REPAIRS\Lippincott 3.jpg#",
18078,"02/10/16 00:00:00","..\..\Pictures\CLEANING - REPAIRS\Lippincott 4.jpg#..\..\Pictures\CLEANING - REPAIRS\Lippincott 4.jpg#",
18078,"02/10/16 00:00:00","..\..\Pictures\CLEANING - REPAIRS\Lippincott 5.jpg#..\..\Pictures\CLEANING - REPAIRS\Lippincott 5.jpg#",
18078,"02/10/16 00:00:00","..\..\Pictures\CLEANING - REPAIRS\Lippincott 6.jpg#..\..\Pictures\CLEANING - REPAIRS\Lippincott 6.jpg#",
18078,"02/10/16 00:00:00","..\..\Pictures\CLEANING - REPAIRS\Lippincott 7.jpg#..\..\Pictures\CLEANING - REPAIRS\Lippincott 7.jpg#",
18078,"02/10/16 00:00:00","..\..\Pictures\CLEANING - REPAIRS\Lippincott 8.jpg#..\..\Pictures\CLEANING - REPAIRS\Lippincott 8.jpg#",
18078,"02/10/16 00:00:00","..\..\Pictures\CLEANING - REPAIRS\Lippincott 9.jpg#..\..\Pictures\CLEANING - REPAIRS\Lippincott 9.jpg#",
18078,"02/10/16 00:00:00","..\..\Pictures\CLEANING - REPAIRS\Lippincott 10.jpg#..\..\Pictures\CLEANING - REPAIRS\Lippincott 10.jpg#",
18078,"02/10/16 00:00:00","..\..\Pictures\CLEANING - REPAIRS\Lippincott 11.jpg#..\..\Pictures\CLEANING - REPAIRS\Lippincott 11.jpg#",
18078,"02/10/16 00:00:00","..\..\Pictures\CLEANING - REPAIRS\Lippincott 12.jpg#..\..\Pictures\CLEANING - REPAIRS\Lippincott 12.jpg#",
18078,"02/10/16 00:00:00","..\..\Pictures\CLEANING - REPAIRS\Lippincott 13.jpg#..\..\Pictures\CLEANING - REPAIRS\Lippincott 13.jpg#",
15150,"04/25/17 00:00:00","..\..\Pictures\CLEANING - REPAIRS\lyle 1.JPG#..\..\Pictures\CLEANING - REPAIRS\lyle 1.JPG#",
15150,"04/25/17 00:00:00","..\..\Pictures\CLEANING - REPAIRS\lyle 2.JPG#..\..\Pictures\CLEANING - REPAIRS\lyle 2.JPG#",
13654,"01/16/15 00:00:00","..\..\Pictures\CLEANING - REPAIRS\macsseafood 34870 A.JPG#..\..\Pictures\CLEANING - REPAIRS\macsseafood 34870 A.JPG#",
13654,"01/16/15 00:00:00","..\..\Pictures\CLEANING - REPAIRS\macsseafood 34870 B.JPG#..\..\Pictures\CLEANING - REPAIRS\macsseafood 34870 B.JPG#",
13654,"01/16/15 00:00:00","..\..\Pictures\CLEANING - REPAIRS\macsseafood 34870 C.JPG#..\..\Pictures\CLEANING - REPAIRS\macsseafood 34870 C.JPG#",
13654,"01/16/15 00:00:00","..\..\Pictures\CLEANING - REPAIRS\macsseafood 34870 D.JPG#..\..\Pictures\CLEANING - REPAIRS\macsseafood 34870 D.JPG#",
16844,"03/27/18 00:00:00","..\..\Pictures\CLEANING - REPAIRS\mark 3-27-18 A.jpg#..\..\Pictures\CLEANING - REPAIRS\mark 3-27-18 A.jpg#",
17966,"01/25/16 00:00:00","..\..\Pictures\CLEANING - REPAIRS\McLarty 36753.JPG#..\..\Pictures\CLEANING - REPAIRS\McLarty 36753.JPG#",
17857,"12/21/15 00:00:00","..\..\Pictures\CLEANING - REPAIRS\MAYER 36495 A.JPG#..\..\Pictures\CLEANING - REPAIRS\MAYER 36495 A.JPG#",
17857,"12/21/15 00:00:00","..\..\Pictures\CLEANING - REPAIRS\MAYER 36495 B.JPG#..\..\Pictures\CLEANING - REPAIRS\MAYER 36495 B.JPG#",
20569,"02/21/18 00:00:00","..\..\Pictures\CLEANING - REPAIRS\meyerson 2-21-18.jpg#..\..\Pictures\CLEANING - REPAIRS\meyerson 2-21-18.jpg#",
8761,"03/22/10 00:00:00","..\..\Pictures\CLEANING - REPAIRS\Monteleone 1.JPG#..\..\Pictures\CLEANING - REPAIRS\Monteleone 1.JPG#",
8761,"03/22/10 00:00:00","..\..\Pictures\CLEANING - REPAIRS\Monteleone 2.JPG#..\..\Pictures\CLEANING - REPAIRS\Monteleone 2.JPG#",
8761,"03/22/10 00:00:00","..\..\Pictures\CLEANING - REPAIRS\Monteleone 3.JPG#..\..\Pictures\CLEANING - REPAIRS\Monteleone 3.JPG#",
18081,"02/10/16 00:00:00","..\..\Pictures\CLEANING - REPAIRS\Murphy - Seafarer 37013 A.jpg#..\..\Pictures\CLEANING - REPAIRS\Murphy - Seafarer 37013 A.jpg#",
18081,"02/10/16 00:00:00","..\..\Pictures\CLEANING - REPAIRS\Murphy - Seafarer 37013 B.jpg#..\..\Pictures\CLEANING - REPAIRS\Murphy - Seafarer 37013 B.jpg#",
18081,"02/10/16 00:00:00","..\..\Pictures\CLEANING - REPAIRS\Murphy - Seafarer 37013 C.jpg#..\..\Pictures\CLEANING - REPAIRS\Murphy - Seafarer 37013 C.jpg#",
18081,"02/10/16 00:00:00","..\..\Pictures\CLEANING - REPAIRS\Murphy - Seafarer 37013 D.jpg#..\..\Pictures\CLEANING - REPAIRS\Murphy - Seafarer 37013 D.jpg#",
1080,"06/01/17 00:00:00","..\..\Pictures\CLEANING - REPAIRS\NHCC 6-17 A.jpg#..\..\Pictures\CLEANING - REPAIRS\NHCC 6-17 A.jpg#",
1080,"06/01/17 00:00:00","..\..\Pictures\CLEANING - REPAIRS\NHCC 6-17 B.jpg#..\..\Pictures\CLEANING - REPAIRS\NHCC 6-17 B.jpg#",
15878,"05/01/19 00:00:00","..\..\Pictures\CLEANING - REPAIRS\ormond idle 5-18 A.jpg#..\..\Pictures\CLEANING - REPAIRS\ormond idle 5-18 A.jpg#",
15878,"05/01/19 00:00:00","..\..\Pictures\CLEANING - REPAIRS\ormond idle 5-18 B.jpg#..\..\Pictures\CLEANING - REPAIRS\ormond idle 5-18 B.jpg#",
15940,"02/06/17 00:00:00","..\..\Pictures\CLEANING - REPAIRS\Perdikis 1.jpg#..\..\Pictures\CLEANING - REPAIRS\Perdikis 1.jpg#",
15940,"02/06/17 00:00:00","..\..\Pictures\CLEANING - REPAIRS\Perdikis 2.jpg#..\..\Pictures\CLEANING - REPAIRS\Perdikis 2.jpg#",
11369,"11/22/19 00:00:00","..\..\Pictures\CLEANING - REPAIRS\Pfrommer 1.jpg#..\..\Pictures\CLEANING - REPAIRS\Pfrommer 1.jpg#",
11369,"11/22/19 00:00:00","..\..\Pictures\CLEANING - REPAIRS\Pfrommer 2.jpg#..\..\Pictures\CLEANING - REPAIRS\Pfrommer 2.jpg#",
17261,"07/06/15 00:00:00","..\..\Pictures\CLEANING - REPAIRS\pomichter 35339 A.jpg#..\..\Pictures\CLEANING - REPAIRS\pomichter 35339 A.jpg#",
17261,"07/06/15 00:00:00","..\..\Pictures\CLEANING - REPAIRS\pomichter 35339 B.jpg#..\..\Pictures\CLEANING - REPAIRS\pomichter 35339 B.jpg#",
17261,"07/06/15 00:00:00","..\..\Pictures\CLEANING - REPAIRS\pomichter 35339 C.jpg#..\..\Pictures\CLEANING - REPAIRS\pomichter 35339 C.jpg#",
17261,"07/06/15 00:00:00","..\..\Pictures\CLEANING - REPAIRS\pomichter 35339 D.jpg#..\..\Pictures\CLEANING - REPAIRS\pomichter 35339 D.jpg#",
18072,"02/10/16 00:00:00","..\..\Pictures\CLEANING - REPAIRS\powers-allerton 37002 A.jpg#..\..\Pictures\CLEANING - REPAIRS\powers-allerton 37002 A.jpg#",
18072,"02/10/16 00:00:00","..\..\Pictures\CLEANING - REPAIRS\powers-allerton 37002 B.jpg#..\..\Pictures\CLEANING - REPAIRS\powers-allerton 37002 B.jpg#",
18072,"02/10/16 00:00:00","..\..\Pictures\CLEANING - REPAIRS\powers-allerton 37002 C.jpg#..\..\Pictures\CLEANING - REPAIRS\powers-allerton 37002 C.jpg#",
18072,"02/10/16 00:00:00","..\..\Pictures\CLEANING - REPAIRS\powers-allerton 37002 D.jpg#..\..\Pictures\CLEANING - REPAIRS\powers-allerton 37002 D.jpg#",
17856,"02/20/16 00:00:00","..\..\Pictures\CLEANING - REPAIRS\Renehan 36493 A.jpg#..\..\Pictures\CLEANING - REPAIRS\Renehan 36493 A.jpg#",
17856,"02/20/19 00:00:00","..\..\Pictures\CLEANING - REPAIRS\Renehan 36493 B.jpg#..\..\Pictures\CLEANING - REPAIRS\Renehan 36493 B.jpg#",
3127,"12/01/14 00:00:00","..\..\Pictures\CLEANING - REPAIRS\sandysnyder 12-14 A.jpg#..\..\Pictures\CLEANING - REPAIRS\sandysnyder 12-14 A.jpg#",
3127,"12/01/14 00:00:00","..\..\Pictures\CLEANING - REPAIRS\sandysnyder 12-14 B.jpg#..\..\Pictures\CLEANING - REPAIRS\sandysnyder 12-14 B.jpg#",
21634,"03/15/19 00:00:00","..\..\Pictures\CLEANING - REPAIRS\Sarokhan 001.JPG#..\..\Pictures\CLEANING - REPAIRS\Sarokhan 001.JPG#",
21634,"03/15/19 00:00:00","..\..\Pictures\CLEANING - REPAIRS\Sarokhan 002.JPG#..\..\Pictures\CLEANING - REPAIRS\Sarokhan 002.JPG#",
18569,"10/25/18 00:00:00","..\..\Pictures\CLEANING - REPAIRS\Schall-The Pointe - WW.png#..\..\Pictures\CLEANING - REPAIRS\Schall-The Pointe - WW.png#",
14342,"12/23/15 00:00:00","..\..\Pictures\CLEANING - REPAIRS\schwartz 36513 A.JPG#..\..\Pictures\CLEANING - REPAIRS\schwartz 36513 A.JPG#",
14342,"12/23/15 00:00:00","..\..\Pictures\CLEANING - REPAIRS\schwartz 36513 B.JPG#..\..\Pictures\CLEANING - REPAIRS\schwartz 36513 B.JPG#",
14342,"12/23/15 00:00:00","..\..\Pictures\CLEANING - REPAIRS\schwartz 36513 C.JPG#..\..\Pictures\CLEANING - REPAIRS\schwartz 36513 C.JPG#",
20705,"07/01/14 00:00:00","..\..\Pictures\CLEANING - REPAIRS\SCSU 7-14 A.jpg#..\..\Pictures\CLEANING - REPAIRS\SCSU 7-14 A.jpg#",
20705,"07/01/14 00:00:00","..\..\Pictures\CLEANING - REPAIRS\SCSU 7-14 B.jpg#..\..\Pictures\CLEANING - REPAIRS\SCSU 7-14 B.jpg#",
20705,"07/01/14 00:00:00","..\..\Pictures\CLEANING - REPAIRS\SCSU 7-14 C.jpg#..\..\Pictures\CLEANING - REPAIRS\SCSU 7-14 C.jpg#",
20705,"07/01/14 00:00:00","..\..\Pictures\CLEANING - REPAIRS\SCSU 7-14 d.jpg#..\..\Pictures\CLEANING - REPAIRS\SCSU 7-14 d.jpg#",
20705,"07/01/14 00:00:00","..\..\Pictures\CLEANING - REPAIRS\SCSU 7-14 E.jpg#..\..\Pictures\CLEANING - REPAIRS\SCSU 7-14 E.jpg#",
20705,"07/01/14 00:00:00","..\..\Pictures\CLEANING - REPAIRS\SCSU 7-14 F.jpg#..\..\Pictures\CLEANING - REPAIRS\SCSU 7-14 F.jpg#",
20705,"07/01/14 00:00:00","..\..\Pictures\CLEANING - REPAIRS\SCSU 7-14 G.jpg#..\..\Pictures\CLEANING - REPAIRS\SCSU 7-14 G.jpg#",
20705,"07/01/14 00:00:00","..\..\Pictures\CLEANING - REPAIRS\SCSU 7-14 H.jpg#..\..\Pictures\CLEANING - REPAIRS\SCSU 7-14 H.jpg#",
21819,"06/22/19 00:00:00","..\..\Pictures\CLEANING - REPAIRS\Specht 1.JPG#..\..\Pictures\CLEANING - REPAIRS\Specht 1.JPG#",
21819,"06/22/19 00:00:00","..\..\Pictures\CLEANING - REPAIRS\Specht 2.JPG#..\..\Pictures\CLEANING - REPAIRS\Specht 2.JPG#",
15842,"05/22/14 00:00:00","..\..\Pictures\CLEANING - REPAIRS\Spivack.jpg#..\..\Pictures\CLEANING - REPAIRS\Spivack.jpg#",
18952,"02/06/17 00:00:00","..\..\Pictures\CLEANING - REPAIRS\Stine- yacht canvas 38810 A.jpg#..\..\Pictures\CLEANING - REPAIRS\Stine- yacht canvas 38810 A.jpg#",
18952,"02/06/17 00:00:00","..\..\Pictures\CLEANING - REPAIRS\Stine- yacht canvas 38810 B.jpg#..\..\Pictures\CLEANING - REPAIRS\Stine- yacht canvas 38810 B.jpg#",
18952,"02/06/17 00:00:00","..\..\Pictures\CLEANING - REPAIRS\Stine- yacht canvas 38810 C.jpg#..\..\Pictures\CLEANING - REPAIRS\Stine- yacht canvas 38810 C.jpg#",
15938,"02/25/14 00:00:00","..\..\Pictures\CLEANING - REPAIRS\SteineggerR8910 A.jpg#..\..\Pictures\CLEANING - REPAIRS\SteineggerR8910 A.jpg#",
15938,"02/25/14 00:00:00","..\..\Pictures\CLEANING - REPAIRS\SteineggerR8910 B.jpg#..\..\Pictures\CLEANING - REPAIRS\SteineggerR8910 B.jpg#",
15938,"02/25/14 00:00:00","..\..\Pictures\CLEANING - REPAIRS\SteineggerR8910 C.jpg#..\..\Pictures\CLEANING - REPAIRS\SteineggerR8910 C.jpg#",
6080,"02/21/14 00:00:00","..\..\Pictures\Before - Afters\Magee33537 before B.jpg#..\..\Pictures\Before - Afters\Magee33537 before B.jpg#",
6080,"02/21/14 00:00:00","..\..\Pictures\Before - Afters\Magee33537 before C.jpg#..\..\Pictures\Before - Afters\Magee33537 before C.jpg#",
6080,"02/21/14 00:00:00","..\..\Pictures\Before - Afters\Magee33537 before D.jpg#..\..\Pictures\Before - Afters\Magee33537 before D.jpg#",
16543,"05/16/14 00:00:00","..\..\Pictures\Before - Afters\matties-coolshade-trivantage 33843 after 1.JPG#..\..\Pictures\Before - Afters\matties-coolshade-trivantage 33843 after 1.JPG#",
16543,"05/16/14 00:00:00","..\..\Pictures\Before - Afters\matties-coolshade-trivantage 33843 after 2.JPG#..\..\Pictures\Before - Afters\matties-coolshade-trivantage 33843 after 2.JPG#",
16543,"05/16/14 00:00:00","..\..\Pictures\Before - Afters\matties-coolshade-trivantage 33843 after 3.JPG#..\..\Pictures\Before - Afters\matties-coolshade-trivantage 33843 after 3.JPG#",
16543,"05/16/14 00:00:00","..\..\Pictures\Before - Afters\matties-coolshade-trivantage 33843 before 1.JPG#..\..\Pictures\Before - Afters\matties-coolshade-trivantage 33843 before 1.JPG#",
16543,"05/16/14 00:00:00","..\..\Pictures\Before - Afters\matties-coolshade-trivantage 33843 before 2.JPG#..\..\Pictures\Before - Afters\matties-coolshade-trivantage 33843 before 2.JPG#",
16543,"05/16/14 00:00:00","..\..\Pictures\Before - Afters\matties-coolshade-trivantage 33843 before 3.JPG#..\..\Pictures\Before - Afters\matties-coolshade-trivantage 33843 before 3.JPG#",
6080,"02/21/14 00:00:00","..\..\Pictures\Before - Afters\McSorley33213 after A.jpg#..\..\Pictures\Before - Afters\McSorley33213 after A.jpg#",
6080,"02/21/14 00:00:00","..\..\Pictures\Before - Afters\McSorley33213 afterB.jpg#..\..\Pictures\Before - Afters\McSorley33213 afterB.jpg#",
6080,"02/21/14 00:00:00","..\..\Pictures\Before - Afters\McSorley33213 afterC.jpg#..\..\Pictures\Before - Afters\McSorley33213 afterC.jpg#",
6080,"02/21/14 00:00:00","..\..\Pictures\Before - Afters\McSorley33213 afterD.jpg#..\..\Pictures\Before - Afters\McSorley33213 afterD.jpg#",
6080,"02/21/14 00:00:00","..\..\Pictures\Before - Afters\McSorley33213 afterE.jpg#..\..\Pictures\Before - Afters\McSorley33213 afterE.jpg#",
6080,"02/21/14 00:00:00","..\..\Pictures\Before - Afters\McSorley33213 afterF.jpg#..\..\Pictures\Before - Afters\McSorley33213 afterF.jpg#",
6080,"02/21/14 00:00:00","..\..\Pictures\Before - Afters\McSorley-GlenRaven 33213 before A.jpg#..\..\Pictures\Before - Afters\McSorley-GlenRaven 33213 before A.jpg#",
6080,"02/21/14 00:00:00","..\..\Pictures\Before - Afters\McSorley-GlenRaven 33213 before B.jpg#..\..\Pictures\Before - Afters\McSorley-GlenRaven 33213 before B.jpg#",
6080,"02/21/14 00:00:00","..\..\Pictures\Before - Afters\McSorley-GlenRaven 33213 before C.jpg#..\..\Pictures\Before - Afters\McSorley-GlenRaven 33213 before C.jpg#",
6080,"02/21/14 00:00:00","..\..\Pictures\Before - Afters\McSorley-GlenRaven 33213 before D.jpg#..\..\Pictures\Before - Afters\McSorley-GlenRaven 33213 before D.jpg#",
6080,"02/21/14 00:00:00","..\..\Pictures\Before - Afters\McSorley-GlenRaven 33213 before E.jpg#..\..\Pictures\Before - Afters\McSorley-GlenRaven 33213 before E.jpg#",
6080,"02/21/14 00:00:00","..\..\Pictures\Before - Afters\McSorley-GlenRaven 33213 before F.jpg#..\..\Pictures\Before - Afters\McSorley-GlenRaven 33213 before F.jpg#",
6080,"02/21/14 00:00:00","..\..\Pictures\Before - Afters\McSorley-GlenRaven 33213 before G.jpg#..\..\Pictures\Before - Afters\McSorley-GlenRaven 33213 before G.jpg#",
6080,"02/21/14 00:00:00","..\..\Pictures\Before - Afters\McSorley-GlenRaven 33213 before H.jpg#..\..\Pictures\Before - Afters\McSorley-GlenRaven 33213 before H.jpg#",
6080,"02/21/14 00:00:00","..\..\Pictures\Before - Afters\McSorley-GlenRaven 33213 before I.jpg#..\..\Pictures\Before - Afters\McSorley-GlenRaven 33213 before I.jpg#",
6080,"02/21/14 00:00:00","..\..\Pictures\Before - Afters\McSorley-GlenRaven 33213 before J.jpg#..\..\Pictures\Before - Afters\McSorley-GlenRaven 33213 before J.jpg#",
15892,"05/02/14 00:00:00","..\..\Pictures\Before - Afters\murphyjenny 32454 before.jpg#..\..\Pictures\Before - Afters\murphyjenny 32454 before.jpg#",
15892,"05/02/14 00:00:00","..\..\Pictures\Before - Afters\murphyjenny 32454 after.jpg#..\..\Pictures\Before - Afters\murphyjenny 32454 after.jpg#",
21790,"05/24/19 00:00:00","..\..\Pictures\Before - Afters\perler before 1.jpg#..\..\Pictures\Before - Afters\perler before 1.jpg#",
21790,"05/24/19 00:00:00","..\..\Pictures\Before - Afters\perler before 2.jpg#..\..\Pictures\Before - Afters\perler before 2.jpg#",
21790,"05/24/19 00:00:00","..\..\Pictures\Before - Afters\perler before-after 1.JPG#..\..\Pictures\Before - Afters\perler before-after 1.JPG#",
21790,"05/24/19 00:00:00","..\..\Pictures\Before - Afters\perler before-after 2.JPG#..\..\Pictures\Before - Afters\perler before-after 2.JPG#",
21790,"05/24/19 00:00:00","..\..\Pictures\Before - Afters\perler before-after 3.JPG#..\..\Pictures\Before - Afters\perler before-after 3.JPG#",
21790,"05/24/19 00:00:00","..\..\Pictures\Before - Afters\perler before-after 4.JPG#..\..\Pictures\Before - Afters\perler before-after 4.JPG#",
12135,"05/05/09 00:00:00","..\..\Pictures\Before - Afters\royce after 2.JPG#..\..\Pictures\Before - Afters\royce after 2.JPG#",
12135,"05/05/09 00:00:00","..\..\Pictures\Before - Afters\royce after 3.JPG#..\..\Pictures\Before - Afters\royce after 3.JPG#",
12135,"05/05/09 00:00:00","..\..\Pictures\Before - Afters\royce after.JPG#..\..\Pictures\Before - Afters\royce after.JPG#",
12135,"05/05/09 00:00:00","..\..\Pictures\Before - Afters\royce before 2.JPG#..\..\Pictures\Before - Afters\royce before 2.JPG#",
12135,"05/05/09 00:00:00","..\..\Pictures\Before - Afters\royce before 3.JPG#..\..\Pictures\Before - Afters\royce before 3.JPG#",
12135,"05/05/09 00:00:00","..\..\Pictures\Before - Afters\royce before.JPG#..\..\Pictures\Before - Afters\royce before.JPG#",
16724,"09/01/19 00:00:00","..\..\Pictures\Before - Afters\Sanetti new 9-19.jpg#..\..\Pictures\Before - Afters\Sanetti new 9-19.jpg#",
20782,"02/04/19 00:00:00","..\..\Pictures\Before - Afters\Taglieri top after.jpg#..\..\Pictures\Before - Afters\Taglieri top after.jpg#",
20782,"02/04/19 00:00:00","..\..\Pictures\Before - Afters\Taglieri top before.jpg#..\..\Pictures\Before - Afters\Taglieri top before.jpg#",
20782,"02/04/19 00:00:00","..\..\Pictures\Before - Afters\Taglieri under after.jpg#..\..\Pictures\Before - Afters\Taglieri under after.jpg#",
20782,"02/04/19 00:00:00","..\..\Pictures\Before - Afters\Taglieri under before.jpg#..\..\Pictures\Before - Afters\Taglieri under before.jpg#",
8940,"12/19/14 00:00:00","..\..\Pictures\Before - Afters\vine after 33439.jpg#..\..\Pictures\Before - Afters\vine after 33439.jpg#",
8940,"12/19/14 00:00:00","..\..\Pictures\Before - Afters\Vine before 34439.jpg#..\..\Pictures\Before - Afters\Vine before 34439.jpg#",
21668,"06/23/20 00:00:00",,
22893,"08/31/20 00:00:00","C:\Users\Melissa\Pictures\CLEANING - REPAIRS\Buonanamo 1.jpg#C:\Users\Melissa\Pictures\CLEANING - REPAIRS\Buonanamo 1.jpg#",
22893,"08/31/20 00:00:00","C:\Users\Melissa\Pictures\CLEANING - REPAIRS\Buonanamo 2.jpg#C:\Users\Melissa\Pictures\CLEANING - REPAIRS\Buonanamo 2.jpg#",
23585,"02/05/21 00:00:00","C:\Users\Melissa\Pictures\CLEANING - REPAIRS\Shilson - Calvert.jpg#C:\Users\Melissa\Pictures\CLEANING - REPAIRS\Shilson - Calvert.jpg#",
25794,"06/02/23 00:00:00",,
