SSource,SourceAddress,SourceState,SourceCity,SourceZip,SourcePhone,SourceFax,SourceEmail
"Port Clinton Canvas, LLC","99 N. Schooner Point Drive","OH","Port Clinton","43452-","4196356102",,
"Runabout Restorations","18 Port Wedeln Road",,,,,,
"Yacht Interiors of Essex",,,,,"2032095522",,
"Northland Boat Shop","134 Northland Lane","VT","North Hero","05474-","8023166721",,"sales.nlboat@gmail.com#mailto:sales.nlboat@gmail.com#"
"Blacher Canvas","604 Bound Brook Road","NJ","Dunellen","08812-","7329683666",,"blachercanvas@gmail.com#mailto:blachercanvas@gmail.com#"
"Aaron's Canvas & Sails LLC","26 Taugwonk Spur Rd, Unit 18","ct","Stonington","06378-","8605017422",,"aaronscanvasandsails@gmail.com#mailto:aaronscanvasandsails@gmail.com#"
"Cranky Yankee Marine Canvas","211 Cherry & Webb Lane","MA","Westport Point","02791-","7746149446",,"neil@crankyyankeecanvas.com#mailto:neil@crankyyankeecanvas.com#"
"Merman Yacht Rigging","731 Seaview Avenue","ct","Bridgeport",,"2038581258",,
"Nicks Custom Canvas","59 Pond Drive","ct","N Stonington","06357-","8602873677",,"nickolsencanvas@gmail.com#mailto:nickolsencanvas@gmail.com#"
"Front Street Shipyard","101 Front Street","ME","Belfast","04915-","2079303740",,
"Dyer Boats","57 Miller Street","RI","Warren","02885-","4012453300",,"dyerboats@gmail.com#mailto:dyerboats@gmail.com#"
"Northeast Sail Loft","161 E. Boston Post Road","NY","Mamaroneck","10543-","7188852255",,"roseann@doylesails.nyc#mailto:roseann@doylesails.nyc#"
"1st Class Yacht Services","8971-A Fort Smallwood Road","MD","Pasadena","21122-","4104371700","4104374515",
"A & K Awning Services","1230 Spruce Street","PA","Reading","19602-","4848244805",,
"A&S Boats","735 Route 5","CT","S. Windsor","06074-","8605288682","8602829556",
"A+ Awning","730 Woodbine Avenue","PA","Berwyn","19312-","6106445014","6106489476",
"AA Thrifty Awning & Sign","221 Jefferson Blvd.","RI","Warwick","02888-","4017388055",,
"Abbey Tent & Awning","158 Commerce Dr.","CT","Fairfield","06825-","2033686111",,
"Abell Custom Marine","2802 Solomons Island Road","MD","Edgewater","21037-","4102666849",,
"Above the Water Line","693 212th Street","md","Pasadena","21122-","4433366751",,
"Accent Canvas","986 Oakdale Circle","md","Millersville","21108-","4109870815",,
"ACE Sails","3-D Colton Road","CT","East Lyme","06333-","8607395999","8607395999",
"ACI",,,,,,,
"Acme Awning Co., Inc.","435 Van Nest Avenue","NY","Bronx","10460-","7184091881","7188243571",
"ACS Awnings","429 Red Lion Road","nj","Southampton","08088-","6099539700",,
"Akerlind Window Cleaning","81 Cedar Ridge Terrace","CT","Glastonbury","06033-","8606331156",,
"Aladdin Awning","44 Arch Street","Ct","Hamden","06514-","2037769996",,
"Albany Awning COHOES","24 Montgomery St","ny","Cohoes","12047-","5182371870",,
"Albany Awning LATHAM","595 New Loudon Road #140","NY","Latham","12414-","5189259725",,
"Alimar Canvas & UPH","116 Tupelo Street","RI","Bristol","02809-","4012540430","4012546150",
"All Clean Carpet, Inc.",,"NY",,,"5166210548",,
"Allerton Harbor Canvas","48 George Washington Blvd.","MA","Hull","02045-","7819251888",,
"Alutech United, Inc.","117 Dixon Street","DE","Selbyville","19975-","3024366005",,"aaron@alutech.com#mailto:aaron@alutech.com#"
"American Awning & Canvas","3435 Service Road","OH","Cleveland","44111-","2164319444",,
"American Awning & Window","77 Tarklin Hill Road","MA","New Bedford","02745-","5089956333","5089955711",
"American Awning Inc.","2038 Basswood Ct.","NJ","Toms River","08755-","7325574664",,
"American Sign","614 Ferry Street","CT","New Haven","06513-","2036242991",,
"Anchor Canvas LLC","556 West Jericho Tpke","ny","Smithtown","11787-","6312655602","6312655632",
"Anchor Industries",,,,,,,
"Apple Annie Awnings","3765 Mission Hills Rd. North","il","Northbrook","60062-","8475598668","8475598448",
"Atlantic Awning","270 Franklin Street","MA","Melrose","02176-","7816654040",,
"Atlantic Canvas & Awning","42 Hilliard Street","CT","Manchester","06042-","8604329790","8604329791",
"Aurora Sails & Canvas","255 Molyneaux Rd.","ME","Camden","04843-","2072300288",,
"Avondale Boat Yard","47 Avondale Road","RI","Westerly","02891-","4013488187","4015967595",
"Awesome Awnings","1512 Quincy Avenue","pa","Dunmore","18509-","5704984420",,
"Awning Center","277 Pleasant Street","NH","Epping","03042-","6036792286",,
"Awning Cleaning Industries",,,,,,,
"Awning Co.","PO Box 1647","NY","Sag Harbor","11963-","6317253651","6317257452",
"Awning Design","638 Rt. 9 South","nj","Freehold","07728-","7324621131",,
"Awning Fx","2435 Route 32","NY","New Windsor","12553-","8455345070",,
"Awning Guy",,,,,"8002455104",,
"Awning Man","14 Irving Place","ny","Seacliff","11579-","5166743911",,
"Awning Mart","8453 Brewerton Road","NY","Cicero","13039-","3156995928",,
"Awning Place","273 Eastern Blvd.","CT","Glastonbury","06033-","8605922925","8606595737",
"Awning Services","20 Lewis Ave., PO Box 848","NY","Poughkeepsie","12603-","8455466372",,
"Awnings & Blinds by Bruce","125 W. Grant Ave.","pa","Duquesne","15110-","4124668299","4124668299",
"Awnings & Rooms Unlimited",,,,,,,
"Awnings by AZ Co.","4 Lakecrest Lane","NY","Ronkonkoma","11719-",,,
"Awnings Direct","4493 Rt. 32","Ny","Catskill","12414-","8004837842","8452464432",
"Awnings of Distinction","777 Torringford Street","CT","Torrington","06790-","8604286298",,
"Awnings of Hudson Valley","420 Highland Avenue Extension","NY","Middletown","10940-","8453444050","8453444065",
"Awnings Plus","148 Sherwood Drive","CT","Torrington","06790-","8604967996","8604967996",
"Ayer's Landing Marina","10 Victory Street","CT","Shelton","06484-","2039244023","2039245902",
"Back Channel Canvas Shop, Inc.","857 Main St.","ME","Eliot","03903-","2074399600",,
"Bailey & Staub","1 Bailey Circle","ct","New London","06320-","8604425621",,
"Bainbridge",,,,,,,
"Baldwin Pergolas",,,,,,,
"Banner Works, The","140 Homer Street","CT","Waterbury","06704-","2035979999","2035979999",
"Bareboat Sailing Charters","6 Maplewood Road","CT","Old Saybrook","06475-","8006614013",,
"Barnes Custom Blinds & Awnings","108 Camden Road","ME","Warren","04864-","2072734093",,
"Barnstable Canvas Co.","355 Yarmouth Road","MA","Hyannis","02601-","5087907287","5087787171",
"Bates Awning","77 A Bartholomew Street","MA","Peabody","01960-","9785312927",,
"Bayview Canvas","112 W. 15th Street","NJ","North Beach Haven","08008-","6094926941","6094923453",
"BC Marine Canvas","100 Folly Landing","RI","Warwick","02886-",,,"info@bcmarinecanvasri.com#mailto:info@bcmarinecanvasri.com#"
"Bear Paw Custom Designs","125 Mirona Road","NH","Portsmouth","03801-","6034310717","6034310527",
"Better Awnings Inc.","3267 Tierney Place","NY","Bronx","10465-","7197924802",,
"Better Boats","301 Pier One Rd., Suite 101","md","Stevensville","21666-","4107573473",,
"Between the Bridges","142 Ferry Road","ct","Old Saybrook","06475-","8603881431",,
"Black Duck Canvas","500 Wood St., Bldg 123","ri","Bristol","02809-","4019526906",,
"BLE Inc.","PO Box 3591","CT","Stamford","06905-","2034427087",,
"Block Island Sails & Canvas In","368 High Street, PO Box 268","RI","Block Island","02807-","4014668981",,
"Boats Inc.","133 Main Street","ct","Niantic","06357-","8607395444",,
"Boatworks Yacht Sales","95 Rowayton Ave.","ct","Rowayton","06853-","2038660882","2038534910",
"Bob's Beacon Marina","1016 Rt. 103","nh","Newbury","03255-","6037634884",,
"Bohndell Sails & Rigging","198 Commercial Street","ME","Rockport","04856-","2072363549",,
"Boston Awnings",,,,,,,
"Branford River Marina","5-9 Ely St","ct","Branford","06405-","2034888921",,
"Brewer Dauntless Shipyard","37 Pratt St.","CT","Essex","06426-",,,
"Brewer Post Road Boat Yard","155 East Boston Post Road","NY","Mamaroneck","10543-","9146980295",,
"Brewer Street Boatworks","222 Connell Hwy.","RI","Newport","02840-","4018470321","4018470381",
"Brewer Yacht Yard at Mystic","56 Roseleah Drive","ct","Mystic","06355-","8605362293","8605366560",
"Brewers Bruce & Johnson's Mari","145 So. Montowese Street","ct","Branford","06405-","2034888329",,
"Brewers Deep River Marina","50 River Lane","CT","Deep River","06417-","8605265560",,
"Bridgeport Awning & Window Sha","145 Tunxis Hill Road","ct","Fairfield","06825-4857","2033334944",,
"Brown's Awnings","944 Asbury Ave.","NJ","Ocean City","08226-","6093986262",,
"Buffalo Valley Lutheran Villag","889 Fairground Road","PA","Lewisburg","17837-",,,
"Burr Bros. Boats, Inc.","309 Front Street","MA","Marion","02738-","5087480541","5087480963",
"C & L Canvas / United Industri","321 Main Street","MA","West Springfield","01089-","4137370095","4137311493",
"C & M Tent Rentals","23 Bonnieview Street","NY","North Salem","10560-","9146696724",,
"Calvert Awning","355 D Central Ave","NY","Bohemia","11716-","6315677799","6315677715",
"Cameo House","933 Wyoming Avenue","PA","West Pittston","19643-","5706549508","5706553420",
"Canopy Erectors","97 Hickory Corner","NJ","Milford","08848-","9052467330","9085379011",
"Canvas & Cushions","2517 W. Pembroke Ave.","VA","Hampton","23661-","7572093309",,
"Canvas Awnings by Zum","4313 Nelson Road","OH","Middletown","45042-","5134250142",,
"Canvas Awnings Unlimited","Rt. 4, Box 184","WV","Grafton","26354-","3046232573",,
"Canvas by Nancy","312 Carvel Beach Road","MD","Baltimore","21226-","4104399100",,
"Canvas by Victoria","12521 Still Pond Creek Road","MD","Worton","21678-","4103482255",,
"Canvas Connection","389 Deale Road, PO Box 6","mD","Deale","20751-","4108678856",,
"Canvas Connection - MASS.","125 Bridge St.","MA","Salisbury","01952-2411","9784651603",,
"Canvas Corner","51031 State Route 14","OH","East Palestine","44413-",,,
"Canvas Experts","12703 Sunset Ave., B 13-14","md","Ocean City","21842-","4102138766",,
"Canvas Guy, The","3240 E. Lydius Street","ny","Schenectady","12303-","5189039121",,
"Canvas Lady","68 Kent Avenue","RI","Warwick","02886-","4013520001",,
"Canvas Plus-NJ","73 Tiller Drive","NJ","Waretown","08758-","6092429585",,
"Canvas Products DJKM Inc.","234 Herricks Road","nY","Mineola",,"5167421058",,
"Canvas Products-CT","457 Bridgeport Avenue","ct","Milford","06461-","2039523524",,
"Canvas Specialty Mfg.","4045 St. Clair Avenue","OH","Cleveland","44103-","2168810647",,
"Canvas Works MA","54 Bartlett Road","MA","Nantucket","02554-","5082285759",,
"Canvasworks ME","8 Bragdon Lane","ME","Kennebunk","04043-","2079852419",,
"Canvasworks MYSTIC","44 Water Street","CT","Mystic","06355-","8605362434",,
"Cape Cod Retractable Screens N","759 Falmouth Rd #5","MA","Mashpee","02649-","5085393307",,
"Capital City Awning","577 North 4th Street","OH","Columbus","43215-","6142215404","6143659420",
"Capitol Awnings & Canopies","105-15 180th Street","NY","Jamaica","11433-","7184546444","7186578374",
"Carriage House Canvas","17 Main Street","md","Betterton","21610-","4103485778",,
"Carroll Awning Co.","2955 Frederick Avenue","md","Baltimore","21223-","4109450022","4109477229",
"Carthom Upholstery Corp","22 Pelham Road","NY","New Rochelle","10801-","9146330065","9146330066",
"Catco Propery Maintanance","31 Langdon Road","NY","Farmingdale","11735-","9173315326",,"catcophil@gmail.com#mailto:catcophil@gmail.com#"
"Catherine's Draperies & Boat C","667 Deale Road, PO Box 225","MD","Deale","20751-","3012615404","4108674931",
"CEKing","10 St. Francis Place","NY","East Hampton","11937-","6313244944","6313293669",
"Chair Care",,,,,,,
"Charter Canvas Products","57 Totten Place","NY","Babylon","11702-2809","6316614132",,
"Chatham Boat Co.","174 Crowell Road","ma","Chatham","02633-","5089454948",,"store.chathamboat@outlook.com#mailto:store.chathamboat@outlook.com#"
"Chatham Canvas Company","PO Box 15","MA","Chatham","02633-","5089451160",,
"Chesterfield Awning","16999 Van Dam Road","il","South Holland","60473-","7085964434",,"dave@chesterfieldawning.com#mailto:dave@chesterfieldawning.com#"
"Chilee Custom Canvas","3155 Gosheff Lane","md","Gambrills","21054-","4107213508",,
"Chilson's Shops Inc.","8 Industry Parkway","MA","East Hampton","01027-","4135298062","4135292022",
"Chuckas Development",,,,,,,
"City Awning & Tent","150 Production Court","ct","New Britain","06051-","8602236719",,
"City Window & Construction","Rt. 2, Box 285","wv","Clarksburg","26301-","3046232573",,
"Classic Awnings","24 South Lake Street","ny","Hamburg","14075-","7166490390",,
"CMZ Umbrella, Inc.","139 S. Washington St","ny","Binghamton","13903-","6077977221",,
"Coastal Marine Canvas","11 Congress St.","me","Belfast","04915-","2073238084",,
"Communications, C. E.","1511 W. Hamlin Road","MI","Rochester Hills","48309-",,,
"Concord Awning & Canvas, Inc.","One Tallwood Drive","NH","Bow","03304-","6032246880","6032248908",
"Conestoga Marine","204 S. President Avenue","PA","Lancaster","17603-","7173970441",,
"Connecticut Marine One","70 Riverside Drive","ct","Clinton","06413-","8606697716",,
"Conservation Concepts","375 Sandy Hollow Church Road","PA","New Bloomfield","17068-","7175822405","7175822126",
"Consolidated Yachts NY Inc.",,,,,,,
"Cool Shade","82 Jog Hill Road","CT","Trumbull","06611-","2032612263",,
"Cooley Group","50 Esten Avenue","RI","Pawtucket","02860-",,,
"Country Awning IN","1411 Citation Circle E.","IN","Lebanon","46052-",,,
"Country Awnings NY","234 Bellvale Lakes Road","ny","Warwick","10990-","8459886049",,
"Cove Canvas","521 N. Barry Ave.","NY","Mamaroneck","10543-","9143815178",,
"Cover Craft","100 Shore Road","NY","Glen Cove","11542-","5166764400",,
"Cramer's Custom Canvas","10 Alice Court","CT","Pawcatuck","06379-","8605993601",,
"Creations by Taylor","158 Mayo Road","MD","Edgewater","21037-","4102696430","4102696430",
"Creative Awnings CT","550 Spring Street","CT","Naugatuck","06770-","2035605128",,"vic@creativeawnings.co#mailto:vic@creativeawnings.co#"
"Creative Awnings Inc.","425 Springfield Street","PA","Coopersburg","18036-","6102823305","6102822878",
"Creative Canvas Inc.","52 Dogfish Head Road","ME","Southport","04576-","2076332056",,"creativecanvas@live.com#mailto:creativecanvas@live.com#"
"Crosby Yacht Yard","72 Crosby Circle","MA","Oysterville","02655-","5084286900",,
"Crossworld Awning Co.","5707 Brookpark Road","OH","Parm","44129-","2163359940",,
"Crown Marine Service Co.","2700 Harbortown Road","FL","Merritt Island","32952-","4076166150",,
"CT Awning","206 Main Street North","ct","Bethlehem","06751-","2032667780",,
"Custom Auto Marine","72 Lighthouse Road","NY","Babylon","11702-","6313216566",,
"Custom Awning & Sign","3145 Military Road","ny","Niagara Falls",,"7162985946","7162984213",
"Custom Blinds and Awnings LLC","138 Long Drive","PA","Irwin","15642-","7245752615",,
"Custom Canvas by Ray Keith & S","720 C Rt. 6A","MA","Yarmouthport","02675-","5087447310",,
"Custom Cove","1 Robert Lane, Suite 2","NY","Glen Head","11545-","5167592683",,
"Custom Laminations, Inc.","932 Market Street","NJ","Paterson","07509-","9732799174","9732796916",
"Custom Marine Canvas","505 High Street","CT","Mystic","06355-","8606253485",,
"Custom Tarpaulin Products","8095 Southern Boulevard","OH","Youngstown","44512-","3307581801","3307589872",
"D&G Awning Services","125 Lexington Ave","CT","Norwalk","06854-4322","2038037706",,
"DaCosta Awning","138 Woodland Trail","MA","East Taunton","02718-",,,
"DaCosta Awning Co.","16 Winter Street","MA","Taunton","02780-","5088224944",,
"Darling's Boatworks","821 Ferry Rd","vt","Charlotte","05445-","8024252004",,
"Dartmouth Awning","45 Beeden Road","ma","Westport","02790-","8056366838","5086363970",
"David Howard Sailmakers","612 Plain Street","MA","Marshfield","02050-","7818341382",,
"David Stern Inc.","165 Horton St","NY","Bronx","10464-","9146688860",,
"Dean Custom Awnings","285 Rt. 303","ny","Congers","10920-",,,
"Decorative Shade of Monmouth","206 Pinebrook Road","nj","Eatontown","07724-","7323809779",,
"DeLong Canvas","80 Pond Road","MA","West Tisbury","02575-","5086960443",,
"Delphos Tent & Awning, Inc.","1454 N. Main Street","oh","Delphos","45833-","4196925776","4196925806",
"Destino Yachts","10 Pawson Road","ct","Branford","06405-","8603959682",,
"DG Marine","2 D Tipping Drive","ct","Branford","06405-","2034940477",,"dwhall@optonline.net#mailto:dwhall@optonline.net#"
"Disano's Creative Canvas","112 W. Main Street","NY","Frankford","13340-","3158943137","3158940210",
"DJ Fabricators, Inc.","94 Turnpike Road","ma","Ispwich","01938-","9783569400","9783565707",
"Dockside Fabrics, Inc.","26 Reeves Road","NY","Center Moriches","11934-","6318780469","6318787054",
"Dodson Boatyard","194 Water Street","CT","Stonington","06378-","8605351507","8605351270",
"Dombach","2919 Old Philadelphia Pike","PA","Bird in Hand","17505-","7173920578","7173921210",
"Don Neon Sign & Awning","579 R South Leonard St.","CT","Waterbury","06708-","2037537772","2037537773",
"Don's Dock","228 N. Water St.","ct","Stonington","06378-","8605350077",,
"Dor-A-Mar Canvas","182 A Cherry Avenue","NY","W. Sayville","11796-","6317509202","6317509203",
"Dorchester Awning","9 Gallen Road","MA","Kingston","02364-","7818269001","7818261628",
"Doyle/Island Nautical Canvas","225 Fordham Street","ny","Bronx","10464-","7188852255",,
"Drapery Makery","16821 State Hvy 181","AL","Fairhope","36532-","2519909060",,
"Dream Awnings & Signs","36-07 21st Street","NY","Long Island City","11106-","7187070140",,
"Dreamscreens of Pennsylvania","840 S. Rt. 183","PA","Schuylkill Have","17972-","5707543165","5707543265",
"DSM Awnings","132 Lewis Street","nj","Eatontown","07724-","9323809779",,
"Durasol","38 Pond Lane, Suite B","VT","Middlebury","05753-","8023887309",,
"Durkin","90 Beaver Brook Road","CT","Danbury","06810-","2037482142","2037434793",
"Dutchess Custom Awnings","1075 Rt. 82, Suite. 7","NY","Hopewell Junction","12533-","8452263039","8452267617",
"E. W. Brown","1202 E. 16th Street","DE","Wilmington","19803-",,,
"East Coast UPH & Canvas","26830 Lewes Gerogetown Hwy 3C","DE","Harbeson","19951-","3026841133",,
"East End Awning","22 Sunset Drive","NY","Sag Harbor","11963-",,,
"Eastern Sails & Canvas","71 Sycamore St","MA","New Bedford","02740-","5087583741",,
"Eastland Yachts","33 A Pratt Street","ct","Essex","06426-","8607678824",,
"Economy Canvas & Awning","115 Hamilton St","MA","Southbridge","01550-","5087655921",,
"Ehmke Mfg.","4200 Macalester Street","pa","Philadelphia","19129-","2153244200",,
"Endless Summer Canvas & Uph","509 Bayside Drive","md","Stevensville","21666-","4106433211",,
"Essex Boat Works","7 Ferry Street","ct","Essex","06426-","7607678276",,
"Evolution Sails","35 Campground Road","ct","Old Mystic","06372-","8605364235","8605366952",
"Expert Awning & Drapery","1040 Morton Blvd.","NY","Kingston","12401-","8453319655",,
"Extreme Products",,,,,,,
"Fabric Works","148 Pine Street","MA","Waltham","02453-","7816428558",,
"Fabri-Care","PO Box 1666","RI","Westerly","02891-","4015396770",,
"Fair County Awning","1544 Iranistan Avenue","CT","Bridgeport","06604-","2033346929","2033340131",
"Fair Haven Yacht Works","75 DeNormandie Ave.","NJ","Fair Haven","07704-","7327473010",,
"Fair Wind Canvas","189 Miller Road","ct","So. Windsor","06074-","8609138506",,
"Fairclough","620 Ella T. Grasso Blvd.","CT","New Haven","06511-","2037872322","2037872334",
"Falmouth Marine","278 Scranton Avenue","MA","Falmouth","02540-","5085485600","5085400297",
"Farrar Sails","6 Union Street","CT","New London","06320-","8604470382","8604390340",
"Fiber-Lite Custom Awnings","1152 Green Pond Road","NJ","Newfoundland","07435-","9732081300","9732081313",
"First Class Canvas",,,,,"8606691900",,
"First Class Yacht Services","8971-G Ft. Smallwood Road","MD","Pasadena","21122-","4104371700","4104374515",
"Fitzgerald Norwalk Awning","12 Pearl St","ct","Norwalk","06850-","2038462899",,
"Floyd Swoyer Awning","1020 Pike Street","PA","Reading","19604-","6103769601",,
"Fosters / Johmar Inc.",,,,,,,
"Fosters Awnings","3501 Rose Ave. Ste. 1","NJ","Ocean","07712-",,,
"Fresh Fabrics","82 Hunter Street","NY","Kingston","12401-","8453316274",,
"Friends of the Sun","532 Putney Rd, Ste. 19","VT","Brattleboro","05301-","8022544208","8022546932",
"Froelich Awning Co.","104 Laurel Heights Drive","NJ","Bridgeton","08302-","8564517662","8564518659",
"Front Page Upholstery","22 Leonard Street (rear)","CT","Norwalk","06851-","2038531612",,
"Gemini Marine Canvas","50 Tillson Avenue","ME","Rockland","04841-","2075967705",,
"Geneva Awning","96 Lewis Street","NY","Geneva","14456-","3157893151",,
"George's River Canvas","61 New County Rd., St. A","ME","Rockland","04841-","2073540868",,
"Gigunda Group, Inc.","150 Dow Street","NH","Manchester","03101-","6032892963",,
"Gilberte Interiors, Inc.","10 Allen Street","NH","Hanover","03755-","6036433727","6036433730",
"Glawe Awnings & Tents","851 Zapata Drive","oh","Fairborn","45324-","9377540064",,
"Glen Raven Custom Fabrics LLC","4665 Liberty Highway","SC","Anderson","29621-","8647164348",,
"Glick Assoc.","Rt. 15 North","PA","Shamokin Dam","17876-","5707437332",,
"Global Marine Power","221 Scott Avenue","NY","Calverton","11933-","6312082933","6312082942",
"Global Retail Maintenance",,,,,,,
"Globe Canvas Products","549 Industrial Drive","PA","Yeadon","19050-","6106227211","6102844323",
"Goodwin Awning & Canvas","48 Oliver Street","me","Bath","04530-","2074433072",,
"Grabher Awnings","27 Huron Street","NY","Glen Head","11545-","5164483950",,"grabherdeb@aol.com#mailto:grabherdeb@aol.com#"
"Grand Isle Upholstery","28 Faywood Road","VT","Grand Isle","05458-","8023739788",,"michele@grandisleupholstery.com#mailto:michele@grandisleupholstery.com#"
"Grand Traverse","3975 Three Mile Road N.","MI","Traverse City","49868-","6169473140",,
"Great Island Boat Yard","419 Harpswell Island Road","me","Harpswell","04079-","2077291639",,
"Great River Boatworks","378 Monomoscoy Road","ma","Mashpee","02649-","5084778260",,
"Green Mountain Awning","36 Marble St.","VT","West Rutland","05777-","8024382951",,
"Gregory Sahagian & Son, Inc.","18 North Central Ave, PO Box","NY","Hartsdale","10530-","9149499877",,
"H & H Propeller","50 W. Avenue","ct","Essex","06426-","8607670123",,
"Hamilton Awning Co.","469 Market Street","PA","Beaver","15009-","7247747644","7247754221",
"Harbor Awning","2120 Pennsylvania Avenue","MI","Harbor Springs","49740-","2317584017",,
"Harbor Canvas & Design","1221 W. Conway Rd.","MI","Harbor Springs","49740-","2313472955","2313473302",
"Harbor Covers","1147 C Western Avenue","MA","Lynn","01905-","7815923205","7815920848",
"Harbor Marine Canvas","7 River Rd, Unit 311A","ct","Cos Cob","06807-","2036222911",,
"Harbor's End Marine","33 River Road #2","ct","Cos Cob","06807-","2036180750",,"Services@harborsendmarine.com#mailto:Services@harborsendmarine.com#"
"Harris Awnings & Tents Inc.","17 Kondelin Road, Unit 2","ma","Gloucester","01930-","9782821674",,
"Harry Tucker & Sons","490 Candlewood Lake Road","CT","Brookfield","06804-","2037759672",,
"Hartge Yacht Harbor","4883 Church Lane, PO Box 165","md","Galesville","20765-","4436076306","4436076308",
"Hellier Yacht Sales","128 Howard Street","CT","New London","06430-","8604421154","8604423622",
"Herculite Products Inc.",,,,,,,
"Hibbs Awning Co.","63 E. Fayette St.","PA","Uniontown","15401-","7244377409","7244373577",
"Hinckley Yacht Services","One Little Harbor Landing","RI","Portsmouth","02871-","4019547586",,
"Hogshire Industries","2401 Hampton Blvd.","VA","Norfolk","23517-","7576224775",,
"Holliday Canopies","141 Woodbridge Drive","WV","Charleston","25311-","8007883969",,
"Homeborn","36 Otter Cove Drive","CT","Old Saybrook","06475-","8603880004",,
"Hood Canvas Co.","99 E. Main St.","MA","Merrimac","01860-","9783464658",,
"Horizon Marine","163 Front Street","MA","Marion","02738-","5087481860","5087481525",
"Howard's Home Improvement","1339 State Rt. 88 North","NY","Phelps","14532-","3155488901",,
"Howling Storm LLC","417 Edgemont Road","NH","Sunapee","03782-","6037639850",,
"HS Awning","40 F William Way","MA","Bellingham","02019-","5086510327",,
"Hudson Services","27 Cottage Street","NJ","Bayonne","07002-",,,
"Image Awnings","509 South Main Street","NH","Wolfeboro","03894-","6035696680","6035696887",
"Integrity Awnings","180 Cedar Drive","vt","Vergennes","05491-","8027592578",,"rene@integrityawnings.com#mailto:rene@integrityawnings.com#"
"Irwin's Custom Canvas LLC","216 E. Water Street, POBox2163","oh","Sandusky","44870-","4195020045",,
"James Craft Marine Svcs Inc.","36 Diana's Cove Road","PA","Nescopeck","18635-","8005442628","5707591227",
"Jasper & Bailey","64 Halsey Street #11","RI","Newport","02840-","4018478796",,
"Jerry's Upholstery","67 Connecticut Avenue","CT","Norwalk","06856-","2038660200","2036041120",
"Jersey Shore Awning","968 Shrewsbury Ave, Unit 2","nj","Tinton Falls","07724-","7327597299",,
"JM Canvas","453 Stafford Road","MA","Fall River","02721-","5086736703","5086735767",
"JMS Fabricating",,,,,,,
"Jodimor Inc.","405A Rt 22E","NJ","Whitehouse Station","08889-",,,
"John Boyle & Co., Inc.","3 Esterbrook Lane, Ste. 100","NJ","Cherry Hill","08003-","8005443675","8003000718",
"John's Marine Canvas","52 Warren Ave","mA","Rockland","02370-","6174626115",,
"Johnson Marine Services","PO Box 271","CT","W. Mystic","06388-","8604608877",,
"Joliet Awning","16 Anderson Avenue","FL","Joliet","60433-","8157274285",,
"Josephson Bag & Canvas","365 Cherry Street","CT","Bridgeport","06606-","2033352109","2033352100",
"Judy Strutt","4 Peachvale Drive","CT","Uncasville","06382-","8608481386","8607106057",
"Just Right Awnings","7 Industrial Park Drive","NH","Dover","03820-","6037408416","6037401433",
"KA-Acme",,,,,,,
"KA-Cove",,,,,,,
"KA-Dean",,,,,,,
"KA-Fitz",,,,,,,
"KA-Globe",,,,,,,
"KA-Kimmel",,,,,,,
"Kaplan Tarps (Atlantic Canvas?","42 Hilliard St","ct","Manchester","06042-","8886118277",,
"Kaplan's Enterprises","100 Northampton Street","PA","Easton","18042-2","6102585319","6102586036",
"Kappa sails LLC","404 Boxton Post Road","ct","Westbrook","06498-1772","8603998899","8603998889",
"Kate's N-E Canvas & Awning","19 C Kettle Cove Lane, Unit #6","MA","Gloucester","01930-","9785252223",,
"KC Awning",,,,,,,
"Kinder Industries, Inc.","75 Tupelo St.","ri","Bristol","02809-","4012537076","4012537006",
"King Awning Co.","7 Hillman Road","MA","Colrain","01340-","4136243388",,
"Kleen Awn","3267 Tierney Place","NY","Bronx","10465-","7187924802","7197814114",
"Knoll Awnings","POBox338, 221 Lake Ave. S.","ny","Nesconset","11767-","6317242020",,
"L. E. Jefferson","Rear 1600 East Federal Street","MD","Baltimore","21213-","4107324788",,
"Lake Gaston Awning","5965 Hwy 903","VA","Bracey","23919-","4346363848",,
"Lake Michigan Sails & Canvas","400 Bay Street","MI","Harbor Springs","49740-","2315268056","2315265565",
"LeBlanc Custom Canvas","7189 Peppers Road","VA","Hayes","23072-","8046849937",,
"Leisure Time Canvas","140 Norman Street","MA","West Springfield","01089-","4137855500","4137855501",
"Leisure Time Home & Rec.","360 H E. Wyomissing Avenue","PA","Mohnton","19540-","6107772622","6107968767",
"Lexington Tent & Awning","122 Eisenhower Court","ky","Nicholasville","40356-","8592525948",,
"Llisa's Upholstery","40 Rowe Hill Road","ME","Morrill","04952-","2073422211",,
"LM Canvas & Awning","60 Joan Street","RI","Newport","02840-","4018487067",,
"Loane Bros., Inc.","1302 E. Joppa Road","MD","Baltimore","21286-","4108236050","7408236055",
"Lyman-Morse at Wayfarer Marine","59 Sea Street","ME","Camden","04843-","2072364378",,
"Lyman-Morse Boatbuilding","84 Knox Street","me","Thomaston","04861-","2073546904",,
"M & M Canvas & Awning","94 North Woodhull Road","ny","Huntington","11743-","6314245370","6314245375",
"MacCarty & Sons","815 Railroad Avenue","PA","Bryn Mawr","19010-","6105190858","6105191512",
"Made in the Shade Awnings","74 Cotton Mill Hill","vt","Brattleboro","05301-","8022570996",,
"Main Street Window Fashions","68 Quintard Dr.","ny","Port Chester","10573-","9149399115","9149391155",
"Maine Bay Canvas","53 Industrial Way","ME","Portland","04103-","2078788888",,
"Manchester Awning Co.","819 E Middle Tpke","CT","Manchester","06040-","8606493091","8607916348","larry@manchesterawning.com#mailto:larry@manchesterawning.com#"
"Marina Canvas","103 Weirs Road, Rt. 11B","NH","Gilford","03249-","6033665105",,
"Marion Tent & Awning Co.","200 W. Sherman St.","IN","Marion","46952-","7656647722",,
"Maris Yacht Group",,,,,"2034423009",,
"Marty's Bag Works","3427 Pike Ridge Road","mD","Edgewater","21037-","4109563869","4109560452",
"Marygrove Awning Co.","12700 Merriman Road","MI","Livonia","48150-","7343387258",,
"Maryland Canvas & Embroidery","PO Box 508","MD","Rock Hall","21661-","4106397827","4106397827",
"Melvin Village Marina","462 Governor Wentworth Hwy.","NH","Melvin Village","03850-","6035443178",,
"Miami Corp.",,,,,,,
"Michael Anthony Sign & Awning","255 Kearney Ave.","NJ","Jersey City","07305-","2013338166",,
"Michael J. Kenney Canvas","3 Deer Trail, POBox 103","ME","Breman","04551-","2075292187",,
"Michael's Party Rentals","409 A West Street","ma","Ludlowe","01056-","4135833123","4135897368",
"Mid Coast Marine","363 Grove Avenue","NY","Patchogue","11772-","6312893949",,
"Mid-Michigan Canvas & Awning","2153 Lodge Road","MI","Flint","48532-","8102301740",,
"Midtown Awning","5101 Norwaldo Avenue","IN","Indianapolis","46205-","3177485896",,
"Milford Boat Works","1 High Street","ct","Milford","06460-","2038771475",,"office@milfordboatworks.com#mailto:office@milfordboatworks.com#"
"Miller Marine Canvas","282 Woodmont Road","ct","Milford",,"2038789291",,
"Modern Shade & Awning","29 Willett Avenue","NY","Port Chester","10573-","9149394722","9149394722",
"Monmouth & Ocean Awning Co., I","508 Main St.","NJ","Asbury Park","07712-","7327754881",,
"Montgomery Shade & Awning, Lt","6628 Electric Avenue","VA","Warrenton","20187-","5403471941","5403412724",
"Morgan Awning",,,,,,,
"Mound City Products","120 Westgate Dr. NE","oh","Newark","43055-","7403664888","7405226360",
"Muller Boatworks, Inc.","45 Route 103","NH","Sunapee","03782-","6038638146",,
"NanSea LLC","8 Hillcrest Drive","CT","Wolcott","06716-","2038793406",,
"Nautilux Custom Canvas","8 Crown Plaza, Suite 109","NJ","Hazlep","07730-","9082279463",,
"Neil Pryde Sails","1681 Barnum Street","ct","Stratford","06614-","2033752626",,
"NEKA",,,,,"5165139771",,"nicknilsen@nekasailing.org#mailto:nicknilsen@nekasailing.org#"
"New England Awning & Canvas Co","139 1/2 Lynnfield Street","ma","Peabody","01960-","9789773443","9789773523",
"New England Patio & Hearth",,,,,,,
"New Era Cap Co.","8061 Erie Road","NY","Derby","14040-",,,
"New Haven Auto Interiors",,,,,,,
"New Haven Awning","178 Chapel Street","CT","New Haven","06513-",,,
"New Haven Sign",,,,,,,
"New Line Products",,,,,,,
"New View Window Fashions","16255 NW 54 Avenue","FL","Miami","33014-","3056237878",,
"Newburgh Window Shop","499 East Road","ny","Marlboro","12542-","8455624880","8455640666",
"Newport Shipyard","1 Washington Street","ri","Newport","06840-","4018466000",,
"Niantic Awning","193 Pennsylvania Avenue","CT","Niantic","06357-","8607390161","8607390168",
"Nicewonger Awning","512 Euclid Avenue","PA","Greensburg","15601-","7248375920",,
"Northeast Marine","21 Pawcatuck Ave.","CT","Pawcatuck","06379-",,,
"Northeast Marine Services","900 Atlantic Highway","ME","Northport","04849-","2073380077",,
"Norwalk Cover Marina","48 Calf Pasture Beach Road","ct","East Norwalk","06855-","2038383681","2038386810",
"NS CT","125 Old Gate Lane","CT","Milford","06460-","2038777621",,
"NS LI","135 W. Shore Road","NY","Huntington","11743-","6314217249","6314217246",
"NS RI","1 Maritime Drive","RI","Portsmouth","02871-","4016837997","4016839121",
"NS TOLEDO","5556 Edgewater Drive","OH","Toledo","43611-","4167262933",,
"Nu Image Awning","101 Merrow Road","ME","Auburn","04210-","2072405416",,
"Oatley's Top Shop","112 N Main St; PO Box 205","md","Galena","21635-","4106485890",,
"Ocean Performance","280 Boston Post Road","ct","Old Saybrook","06475-","8603886000",,
"Ocean Rigging","1 Bostwick Avenue","CT","Bridgeport","06605-","2034340820",,
"Ocean Tailors","65 Whites Path","MA","S. Yarmouth","02664-","5082555666","5082555666",
"Oceanside Canvas","26958 Mariposa Road","FL","Ramrod Key","33042-",,,
"OKTO Canvas","15 Broad Common Rd","RI","Bristol","02809-","4013382463",,
"Old Lyme Marina","34 Neck Road","CT","Old Lyme","06371-","8604341272",,
"OneSails/Doyle","1345 New York Ave, Rt. 110","NY","Huntington Station","11746-","6316735055",,
"Osborne's Marine","284 Route 11","NH","Sunapee","03782-","6037630252",,
"Otter Creek Awnings","19 Echo Place","vt","Williston","05495-","8028643009",,
"Outdoor Extensions","360 H East Wyomissing Avenue","pa","Mohnton","19540-","6107772622","6107968767",
"Oyster Harbors Marine","122 Bridge Street","MA","Osterville","02655-","5084282017","5084205398",
"P & G Canvas Designs LLC","692 S. Wellwood Ave","NY","Lindenhurst","11757-","5168048825",,
"P & P Canvas","54 Willow Street","ME","Bath","04530-","2074438408",,
"Paper Boat","44 Water Street","ct","Mystic","06355-","8609126074",,
"Pease Awning","21 Massasoit Avenue","RI","East Providence","02914-","4014382850","4014344652",
"Pelican Yacht Services","PO Box 14, 25897 Royal Oak Rd","md","Royal Oak","21662-","4109240931",,
"Pelletier Awning Co.","65 Congress Street","ma","Salem","01970-","9787454710","9787454711",
"Perino's Canvas Man, Inc.","154 W. Main St.","NY","Bay Shore","11706-","6315815168","6315813291",
"Perry's Auto & Marine Uph","200 West Ave REAR","ny","Patchogue","11772-","6316548670",,
"Petty Marine Canvas & Interior","329 Route 9","NJ","Forked River","08731-","6096937245",,
"Petzold Marine","37 Indian Hill Avenue","ct","Portland","06480-","8603421196",,
"Poggesi USA","18505 SW 104th Ave. #25","FL","Miami","33157-","3052548804","3052548809",
"Pool Doctor","129 Seymour Road","ct","Woodbridge","06525-","2033933057",,
"Pope Sails & Rigging Inc.","239 Park Street","me","Rockland","04841-","2075967293",,
"Porch & Patio",,"CT","Orange",,,,
"Port Niantic","17 Smith Ave.","ct","Niantic","06357-","8607392155",,
"Port Niantic Marina","17 Smith Ave.","ct","Niantic","06357-","8607392155",,
"Precision Performance Motorspo",,,,,,,
"Prestige Yacht","48 Calf Pasture Beach Rd","CT","Norwalk","06855-","2032499108",,
"Proctor Canvas Products Inc.","208 3rd Ave","MN","Proctor","55810-","2186282316",,
"Professional Restoration Syste","12 New Haven Road","ct","Derby",,,,
"QS CT (Shore)","11 Day Street","CT","Norwalk","06854-","2038541616","2038541616",
"QS NY","40 Matinecock Avenue","NY","Port Washington","11050-","5169445660","5169445715",
"Quality Awning & Sign PA","225 E. Penn Avenue","pa","Robesonia","19551-",,,
"Quality Awning Shop MI","4512 S. M. L. King Boulevard","MI","Lansing","48910-","5178822491","5178822494",
"Raffo Design Associates","2 Fifth St., Apt B, POBox 755","NY","Coeymans","12045-","5189659366",,
"Raybo Marine Corp.","455 W. Montauk Highway","NY","Lindenhurst","11757-","6319571919","6319577034",
"Raymond's Awning","7 Business Park Drive","CT","Branford","06405-","2034214201",,
"Ray's Handyman Services",,,,,"2032594657",,
"Recasens USA",,,,,"3362699807",,
"Remsenburg Marina","42 Dock Road","NY","Remsenburg","11960-","6313251677",,
"Reynolds Group","1541 State Route 67","NY","Schaghticoke","12154-","5187534346","5187530219",
"Ridgewood Awning","445 West Main Street","NJ","Wycoff","07481-","2038470909","2018470990",
"Rockwell Awning","54 Miller Road Plaza","NY","Mahopac","10541-","8456283144","8456280791",
"Ron-Bet","99 State Road","ME","Kittery","03904-","2074395868",,
"Royal Auto Interiors","2 Broad Street","CT","Norwalk","06851-","2038473804",,
"Russo Marine Financial Svcs.","301 Pier One Road","MD","Stevensville","21666-",,,
"S & S Fabric Products","1 Maritime Drive","RI","Portsmouth","02871-","4016835858","4016839588",
"S & S Marine","PO Box 246","CT","Old Saybrook","06475-","2032322567",,
"Safe Harbor New England Boatwo",,,,,"4016834000",,"spiszcz@shmarinas.com#mailto:spiszcz@shmarinas.com#"
"Sail Repair Co.","790 Boston Post Road","ct","Westbrook","06498-","8603990077",,
"Sausbier's Awning","43 Eighth Street","NY","Hudson","12534-","5188283748",,
"Schrader Yacht Sales, Inc.","1723 Bay Ave.","nj","Pt. Pleasant","08742-","7328998010","7328998180",
"Sea Canvas","2501 Fernwood Ave, Unit #1","NJ","Egg Harbor Twp","08234-","6096012525",,
"Seafarer Canvas-NORWALK","45 Calf Pasture Beach Road","CT","Norwalk","06855-","2039391872",,
"Seashore Sign & Awning","105 W. Baker Avenue","NJ","Wildwood","08260-","6097292726","6097297331",
"Seaton Yachts","One Washington St,. Newport Sh","RI","Newport","02840-","4012252194",,
"Shade & Privacy Products","6451 Leonard Avenue","FL","Cocoa","32927-","3217049193",,
"Shade Solutions","209 E Anthony Drive","IL","Urbana","61802-7345",,,
"Shades, Unltd.","95 Sandy Beach Road","pa","Wapwallopen","18660-","5708688647",,
"Shady Planet Canvas & Awning","1165 Harbor Lane","fl","Gulf Breeze","32563-","8509343138",,
"Ship Shape Marineworks","26 Waterford Place #B","nh","Gilford","03249-","6035287769",,
"Shoals Marine Canvas & Interio","67 1/2 Young St., PO Box 511","ME","S. Berwick","03908-","2074754511",,
"Shoreline Auto Upholstery","3 Inspiration Lane","ct","Chester","06412-","8606629918",,"shorelineautoupholstery@gmail.com#mailto:shorelineautoupholstery@gmail.com#"
"Shoreline Awning & Trim","11430 Kyle Court","MD","Cordova","21625-","4104374464","4104274463",
"Shoreline Marine Services","PO Box 172","ct","West Mystic","06388-","8602357078",,
"Sign DesignJC Awning","404 Willett Ave","NY","Port Chester","10573-","9149376360",,
"Sign Extreme","285 N. Broadway","ny","Sleepy Hollow","10591-","9146933755",,
"Sommer Awning Co.","1002 East 52nd Street","IN","Indianapolis","46205-","8002844301","3179203930",
"Sondrini Enterprises","343 Pecks Road #3","MA","Pittsfield","01201-","4134430219","4134430668",
"Sound Rigging","6 Plains Road","ct","Essex","06426-","8603913944",,
"Southport Island Marine, LLC","648 Hendricks Hill Road","ME","Southport","04576-","2076336009","2076339947",
"Special Projects","7 Birch Road","CT","Avon","06001-","8609850889",,
"Sperry Fabric Architecture","15 Dexter Lane","ma","Rochester","02770-","7748493505",,
"Sperry Sails","11 Marconi Lane","MA","Marion","02738-","5087482581","5087483997",
"Star Awnings, Inc.","1701 Boone Avenue","NY","Bronx","10460-","7188606070","7188606074",
"Starbird Canvas","518 C Young Street","MD","Havre de Grace","21078-","4109393041","4109393065",
"State Awning","100 Cedar Street","CT","Hartford","06106-",,,
"Steele & Rowe, Inc.","190 Chase Road","MA","North Dartmouth","02747-","5089936413",,
"Stellar Sail & Canvas","54 B Beach Road","CT","South Norwalk","06855-","2038389881",,
"Stetsor's JD Canvas","333 S. Broad Street","NJ","Woodbury","08096-","8568531598",,
"Stonington Custom Canvas, LLC","501 Stonington Road","CT","Stonington","06378-","8602131240",,
"Strike Force Maintenance","648-11 Middle Country Road","NY","St. James","11780-","6315533056",,
"Sun to Shade Awnings","2720 Susquehanna Trail","PA","Newport","17074-","2233228570",,"suntooshade@gmail.com#mailto:suntooshade@gmail.com#"
"Sunapee Canvas Works","PO Box 1","NH","Sunapee","03782-0001","6037639769","6037639756",
"Sunnyside Marine Upholstery","65 Research Parkway, Unit 1","ct","Old Saybrook","06475-","8603225740","8603225745",
"Sun-Up Awnings Inc.","427 Old Town Road","NY","Port Jefferson Station","11776-","6314769101",,
"Superior Awnings","141 Boston Post Road #4","CT","Old Saybrook","06475-","8603885400",,
"Susan's Workroom","59 Finlay Road","MA","Orleans","02653-","5083608839",,
"Sutton Sail Repair","1681 Barnum Ave.","CT","Stratford","06614-","2033800554",,
"SuttonCanvas Shop","PO Box 421","IN","Boonville","47601-","8129256655",,
"Sweet Liberty Canvas LLC","632 Ginger Lily Way","SC","Little River","29566-","8028798876",,
"Tailorite Custom Canvas & UPH","Front of Broad St.","CT","Stratford","06615-","2033778348",,
"Taylor Made Custom Products","10 W. 9th Ave.,PO Box 1308","NY","Gloversville","12078-","5187252624","5187739293",
"The Loft","30 A Beach Road","MA","Vineyard Haven","02568-","5086933312",,
"Thomas Townsend Boatbuilder","156 Ocean View Avenue","CT","Mystic","06355-","8604607654",,
"Thurston Canvas","112 Tupelo Street","RI","Bristol","02809-","4012540970",,
"Tidewater Canvas","7970 Tilghman Island Road","MD","Wittman","21676-","4107708833",,
"Tim's Sail Loft","100 Manypenny","WI","Bayfield","54814-","7157793626",,
"Toledo Beach Marina","118440 Toledo Beach Road","MI","La Salle","48145-5","4192424351",,
"Tomelia Sails & Canvas","10 Market Street","ny","Staatsburg","12580-","8452061972",,
"Topside Canvas","768 Boston Post Road","CT","Westbrook","06498-","2033994845",,
"Tri-City Awning & Window Blind","31 Broad Street","NY","Johnson City","13790-","6077977221",,
"TriVantage",,,,,,,
"UK CI","175 City Island Avenue","NY","Bronx","10464-","7188851700","7188851726",
"UK Clinton","8 B Ferry Bell Road","CT","Clinton","06413-","8603043844",,
"UK Cycle","51 Doyer Avenue","NY","White Plains","10605-","9149487711",,
"UK Metro","10 Midland Ave, Ste M4","NY","Port Chester","10573-",,,
"UK N","203 Liberty Square","CT","Norwalk","06855-","2038530676",,
"UK RI","245 A. Conanicus Avenue","RI","Jamestown","02835-","4014233286","4014233287",
"Ullman Sails","17467 General Puller Hwy.","VA","Deltaville","23043-2025","8047766151",,
"United Industrial Textile Prod","321 Main Street","MA","W. Springfield","01089-","4137370095",,
"Universal Marine Distributors","7-A Gwynns Mills Court","MD","Owings Mills","21117-","4103633016","4103633010",
"Viewpoint Sign & Awning","35 Lyman Street","MA","Northborough","01532-","5083038400","5083038480",
"Village Canvas","31 Foundry Avenue","NH","Meredith","03253-","6032796717","6032794571",
"Wallpaper World","Route 9W, PO Box 276","NY","Lake Katherine","12449-","8453366122","8453366141",
"Warner's Hearth & Patio","1201 Virginia Avenue","MD","Cumberland","21502-","3017240774","3017240790",
"Watertown Canvas","98 Falls Avenue","CT","Oakville","06779-","8602740933","8602748519",
"Weather Stopper Custom Marine","692 Riverside Drive","ny","Clayton","13624-","3156864392",,
"Westchester Shade & Awning",,,,,,,
"Weymouth Canvas","1192 Washington Street","MA","Weymouth","02189-","7813318425","7813405958",
"Whitney's","115 Main St","nj","Franconia","03580-","6038237703","6038235528",
"Williamsburg Canvas","108 Ingram Road, Unit 19","VA","Williamsburg","23188-","7575650982","7575645901",
"Window Products","11 Business Park Drive","CT","Branford","06405-","2034819772","2034837552",
"Window Shoppee","1517 Post Road","ri","Warwick","02888-","4017394200","4017394202",
"Window Works","38 East Northfield Road","NJ","Livingston","07039-","9735355860","9735355846",
"Windows by Whetsel","1200 School Street","PA","Indiana","15701-","7243495116","7243495143",
"Wm. Blanchard Co., Inc.","486 Main Street","MA","Wakefield","01880-3320","7812458050","7812243461",
"Wm. Mills & Co.","74100 W Front St.","NY","Greenport","11944-","8004771535",,"suzanne@millscanvas.com#mailto:suzanne@millscanvas.com#"
"Worcester Awning","456 Park Avenue","MA","Worcester","01610-","5087558675","5087551938",
"Yacht Canvas","7416 Edgewood Road","md","Annapolis","21403-","4102687180",,
"Yankee Tent","55 Swamp Road","MA","Montague","01351-","4133672210",,
"Young's Canvas","100 Thatcher Avenue","ME","Bangor","04401-","2079421456","2079423043",
"Z Sails","655 Atlantic Street","ct","Stamford","06902-","2033538818",,
"Zimmerman Marine","HC 75 Box 9602","VA","Cardinal","23025-","8047253440",,
"Zip-Jack Industries, LTD","141 S. Central Ave. Rt. 9A","NY","Elmsford","10523-","9145922000","9145923023",
"Boat Locker","706 Howard Ave","ct","Bridgeport","06605-","2032597808",,
"Northrop & Johnson","91 Long Wharf","RI","Newport","02840-",,,
"Ladd's Landing Marina","412 US Rt 2","VT","Grand Isle","05458-","8023725320",,"emily@laddslandingmarina.com#mailto:emily@laddslandingmarina.com#"
"Ferry Landing Marina","142 Ferry Road","ct","Old Saybrook","06475-",,,
